<?xml version="1.0" encoding="UTF-8"?>
<kml xmlns="http://www.opengis.net/kml/2.2">
  <Document>
    <name>rutas_lapaz</name>
    <description/>
    <Style id="icon-1899-DB4436-nodesc-normal">
      <IconStyle>
        <color>ff3644db</color>
        <scale>1</scale>
        <Icon>
          <href>https://www.gstatic.com/mapspro/images/stock/503-wht-blank_maps.png</href>
        </Icon>
        <hotSpot x="32" xunits="pixels" y="64" yunits="insetPixels"/>
      </IconStyle>
      <LabelStyle>
        <scale>0</scale>
      </LabelStyle>
      <BalloonStyle>
        <text><![CDATA[<h3>$[name]</h3>]]></text>
      </BalloonStyle>
    </Style>
    <Style id="icon-1899-DB4436-nodesc-highlight">
      <IconStyle>
        <color>ff3644db</color>
        <scale>1</scale>
        <Icon>
          <href>https://www.gstatic.com/mapspro/images/stock/503-wht-blank_maps.png</href>
        </Icon>
        <hotSpot x="32" xunits="pixels" y="64" yunits="insetPixels"/>
      </IconStyle>
      <LabelStyle>
        <scale>1</scale>
      </LabelStyle>
      <BalloonStyle>
        <text><![CDATA[<h3>$[name]</h3>]]></text>
      </BalloonStyle>
    </Style>
    <StyleMap id="icon-1899-DB4436-nodesc">
      <Pair>
        <key>normal</key>
        <styleUrl>#icon-1899-DB4436-nodesc-normal</styleUrl>
      </Pair>
      <Pair>
        <key>highlight</key>
        <styleUrl>#icon-1899-DB4436-nodesc-highlight</styleUrl>
      </Pair>
    </StyleMap>
    <Style id="line-1267FF-5000-nodesc-normal">
      <LineStyle>
        <color>ffff6712</color>
        <width>5</width>
      </LineStyle>
      <BalloonStyle>
        <text><![CDATA[<h3>$[name]</h3>]]></text>
      </BalloonStyle>
    </Style>
    <Style id="line-1267FF-5000-nodesc-highlight">
      <LineStyle>
        <color>ffff6712</color>
        <width>7.5</width>
      </LineStyle>
      <BalloonStyle>
        <text><![CDATA[<h3>$[name]</h3>]]></text>
      </BalloonStyle>
    </Style>
    <StyleMap id="line-1267FF-5000-nodesc">
      <Pair>
        <key>normal</key>
        <styleUrl>#line-1267FF-5000-nodesc-normal</styleUrl>
      </Pair>
      <Pair>
        <key>highlight</key>
        <styleUrl>#line-1267FF-5000-nodesc-highlight</styleUrl>
      </Pair>
    </StyleMap>
    <Folder>
      <name>Minibus 394 - Laguna de cota cota ida</name>
      <Placemark>
        <name>Minibus 394 - Laguna de cota cota ida</name>
        <styleUrl>#line-1267FF-5000-nodesc</styleUrl>
        <LineString>
          <tessellate>1</tessellate>
          <coordinates>
            -68.11836,-16.47486,0
            -68.11836,-16.47491,0
            -68.11836,-16.47493,0
            -68.11836,-16.47496,0
            -68.11835,-16.47498,0
            -68.11834,-16.475,0
            -68.11832,-16.47503,0
            -68.11831,-16.47505,0
            -68.11828,-16.47508,0
            -68.11847,-16.47541,0
            -68.11859,-16.47561,0
            -68.11885,-16.47605,0
            -68.11895,-16.4762,0
            -68.11904,-16.47636,0
            -68.11931,-16.4768,0
            -68.11957,-16.47725,0
            -68.11959,-16.47729,0
            -68.1196,-16.47729,0
            -68.11969,-16.47744,0
            -68.11978,-16.4776,0
            -68.11987,-16.47776,0
            -68.11997,-16.47791,0
            -68.12006,-16.47807,0
            -68.12016,-16.47822,0
            -68.12025,-16.47838,0
            -68.12032,-16.47849,0
            -68.12034,-16.47852,0
            -68.12035,-16.47853,0
            -68.12042,-16.47867,0
            -68.12047,-16.47876,0
            -68.12056,-16.47891,0
            -68.12102,-16.4797,0
            -68.12109,-16.47984,0
            -68.12115,-16.47996,0
            -68.1215,-16.48091,0
            -68.12163,-16.48127,0
            -68.12164,-16.48129,0
            -68.12186,-16.48192,0
            -68.12194,-16.48212,0
            -68.12196,-16.4822,0
            -68.12197,-16.48225,0
            -68.12198,-16.48228,0
            -68.12198,-16.48232,0
            -68.12198,-16.48236,0
            -68.12198,-16.48255,0
            -68.12196,-16.48293,0
            -68.12195,-16.48304,0
            -68.12195,-16.48305,0
            -68.12195,-16.48308,0
            -68.12195,-16.48312,0
            -68.12198,-16.48323,0
            -68.12215,-16.48329,0
            -68.12219,-16.48331,0
            -68.12226,-16.48333,0
            -68.12231,-16.48338,0
            -68.12237,-16.48343,0
            -68.12244,-16.48351,0
            -68.12248,-16.48359,0
            -68.12253,-16.4837,0
            -68.12255,-16.48376,0
            -68.12256,-16.48383,0
            -68.12256,-16.48389,0
            -68.12257,-16.48394,0
            -68.12257,-16.48396,0
            -68.12257,-16.48406,0
            -68.12251,-16.48495,0
            -68.1225,-16.48514,0
            -68.12231,-16.48513,0
            -68.12194,-16.4851,0
            -68.12186,-16.48509,0
            -68.12174,-16.4873,0
            -68.12173,-16.48749,0
            -68.12171,-16.48788,0
            -68.12169,-16.48831,0
            -68.12164,-16.48911,0
            -68.12162,-16.48964,0
            -68.12161,-16.48982,0
            -68.1216,-16.48985,0
            -68.1216,-16.4899,0
            -68.12159,-16.49008,0
            -68.12159,-16.49026,0
            -68.12158,-16.49044,0
            -68.12157,-16.49062,0
            -68.12156,-16.4908,0
            -68.12155,-16.49097,0
            -68.12155,-16.49103,0
            -68.1215,-16.49224,0
            -68.12146,-16.49315,0
            -68.12144,-16.49351,0
            -68.12144,-16.49369,0
            -68.12142,-16.49405,0
            -68.1214,-16.4943,0
            -68.1214,-16.49435,0
            -68.12142,-16.49436,0
            -68.12143,-16.49437,0
            -68.12144,-16.49437,0
            -68.12144,-16.49438,0
            -68.12145,-16.49439,0
            -68.12146,-16.4944,0
            -68.12146,-16.49441,0
            -68.12147,-16.49442,0
            -68.12148,-16.49444,0
            -68.12148,-16.49445,0
            -68.12148,-16.49446,0
            -68.12153,-16.4945,0
            -68.12159,-16.49454,0
            -68.12166,-16.49461,0
            -68.12171,-16.49465,0
            -68.12207,-16.49499,0
            -68.12229,-16.49519,0
            -68.12246,-16.49535,0
            -68.12268,-16.49554,0
            -68.12308,-16.4959,0
            -68.12369,-16.49645,0
            -68.12414,-16.49687,0
            -68.12416,-16.49684,0
            -68.12418,-16.49683,0
            -68.12419,-16.49682,0
            -68.12421,-16.49681,0
            -68.12422,-16.49681,0
            -68.12423,-16.4968,0
            -68.12426,-16.49679,0
            -68.12429,-16.49679,0
            -68.12432,-16.4968,0
            -68.12434,-16.4968,0
            -68.12435,-16.4968,0
            -68.12437,-16.49681,0
            -68.12438,-16.49682,0
            -68.12439,-16.49683,0
            -68.12441,-16.49684,0
            -68.12442,-16.49685,0
            -68.12443,-16.49686,0
            -68.12444,-16.49687,0
            -68.12445,-16.49689,0
            -68.12446,-16.49692,0
            -68.12447,-16.49696,0
            -68.12448,-16.49698,0
            -68.12447,-16.497,0
            -68.12447,-16.49701,0
            -68.12447,-16.49703,0
            -68.12446,-16.49704,0
            -68.12445,-16.49707,0
            -68.12444,-16.49709,0
            -68.12451,-16.49714,0
            -68.12458,-16.49718,0
            -68.12464,-16.4972,0
            -68.12469,-16.49722,0
            -68.12516,-16.4974,0
            -68.12579,-16.49764,0
            -68.12569,-16.4978,0
            -68.12543,-16.49818,0
            -68.12536,-16.4983,0
            -68.12509,-16.49877,0
            -68.1247,-16.49943,0
            -68.12468,-16.49948,0
            -68.12466,-16.49954,0
            -68.12466,-16.49961,0
            -68.1247,-16.49967,0
            -68.1248,-16.49976,0
            -68.1247,-16.49976,0
            -68.12457,-16.49975,0
            -68.12446,-16.49975,0
            -68.12436,-16.49976,0
            -68.12434,-16.49983,0
            -68.12431,-16.49986,0
            -68.1243,-16.49987,0
            -68.12418,-16.49992,0
            -68.12408,-16.49997,0
            -68.12386,-16.50012,0
            -68.1234,-16.50075,0
            -68.12315,-16.5011,0
            -68.12308,-16.50119,0
            -68.12302,-16.50129,0
            -68.12288,-16.50156,0
            -68.1228,-16.5017,0
            -68.12274,-16.5018,0
            -68.12255,-16.50211,0
            -68.12229,-16.50254,0
            -68.12216,-16.50276,0
            -68.12198,-16.50308,0
            -68.12154,-16.50381,0
            -68.12141,-16.504,0
            -68.12125,-16.50429,0
            -68.12108,-16.50454,0
            -68.12099,-16.50468,0
            -68.12088,-16.50487,0
            -68.12082,-16.50497,0
            -68.12046,-16.50554,0
            -68.12026,-16.50589,0
            -68.12018,-16.50603,0
            -68.12012,-16.50615,0
            -68.12008,-16.50623,0
            -68.12006,-16.5063,0
            -68.12004,-16.50638,0
            -68.12001,-16.50659,0
            -68.11998,-16.50679,0
            -68.11993,-16.50716,0
            -68.11989,-16.50745,0
            -68.11989,-16.50747,0
            -68.11987,-16.50757,0
            -68.11986,-16.50763,0
            -68.11985,-16.50767,0
            -68.11982,-16.50777,0
            -68.1198,-16.50786,0
            -68.11977,-16.50794,0
            -68.11975,-16.50797,0
            -68.11964,-16.50825,0
            -68.11948,-16.50864,0
            -68.11943,-16.50874,0
            -68.11938,-16.50889,0
            -68.11937,-16.50891,0
            -68.11934,-16.50897,0
            -68.11932,-16.50901,0
            -68.11928,-16.50911,0
            -68.11922,-16.50927,0
            -68.11922,-16.50932,0
            -68.11922,-16.50936,0
            -68.11922,-16.50939,0
            -68.11922,-16.50941,0
            -68.11922,-16.50944,0
            -68.11921,-16.50946,0
            -68.11921,-16.50949,0
            -68.1192,-16.50951,0
            -68.11919,-16.50953,0
            -68.11918,-16.50955,0
            -68.11917,-16.50957,0
            -68.11916,-16.5096,0
            -68.11914,-16.50962,0
            -68.1191,-16.50967,0
            -68.11904,-16.50974,0
            -68.11894,-16.50996,0
            -68.11893,-16.50999,0
            -68.11883,-16.5102,0
            -68.1187,-16.51048,0
            -68.11857,-16.51074,0
            -68.11847,-16.51094,0
            -68.11843,-16.51103,0
            -68.1184,-16.5111,0
            -68.11836,-16.51118,0
            -68.11832,-16.51127,0
            -68.11824,-16.51143,0
            -68.11823,-16.51146,0
            -68.11816,-16.51159,0
            -68.11815,-16.51162,0
            -68.11809,-16.51172,0
            -68.11804,-16.51182,0
            -68.11802,-16.51185,0
            -68.11797,-16.5119,0
            -68.11792,-16.51196,0
            -68.11787,-16.51201,0
            -68.11778,-16.51208,0
            -68.11777,-16.51237,0
            -68.11778,-16.51238,0
            -68.11778,-16.51239,0
            -68.11779,-16.51241,0
            -68.11779,-16.51244,0
            -68.11779,-16.51247,0
            -68.11778,-16.51249,0
            -68.11776,-16.51252,0
            -68.11775,-16.51254,0
            -68.11772,-16.51255,0
            -68.1177,-16.51257,0
            -68.11767,-16.51257,0
            -68.11763,-16.51258,0
            -68.11758,-16.51256,0
            -68.11752,-16.51273,0
            -68.1175,-16.51278,0
            -68.11742,-16.513,0
            -68.11735,-16.51324,0
            -68.11732,-16.51332,0
            -68.1173,-16.51336,0
            -68.11723,-16.51349,0
            -68.11722,-16.51351,0
            -68.11715,-16.51364,0
            -68.11714,-16.51366,0
            -68.117,-16.51394,0
            -68.11696,-16.514,0
            -68.11693,-16.51409,0
            -68.1169,-16.51419,0
            -68.11683,-16.51451,0
            -68.11677,-16.51472,0
            -68.11676,-16.51478,0
            -68.11673,-16.51487,0
            -68.11669,-16.51504,0
            -68.11665,-16.51514,0
            -68.1166,-16.51527,0
            -68.11641,-16.51571,0
            -68.11638,-16.51578,0
            -68.11635,-16.51585,0
            -68.11627,-16.51605,0
            -68.11623,-16.51614,0
            -68.11619,-16.51626,0
            -68.11614,-16.51635,0
            -68.11609,-16.51651,0
            -68.11606,-16.51665,0
            -68.11604,-16.51675,0
            -68.11602,-16.51686,0
            -68.11601,-16.51694,0
            -68.11601,-16.517,0
            -68.11601,-16.51705,0
            -68.11604,-16.51726,0
            -68.1161,-16.51762,0
            -68.1161,-16.51763,0
            -68.11611,-16.51769,0
            -68.11611,-16.51772,0
            -68.11611,-16.51774,0
            -68.1161,-16.51777,0
            -68.11609,-16.51779,0
            -68.11608,-16.51781,0
            -68.11607,-16.51783,0
            -68.11606,-16.51785,0
            -68.11604,-16.51786,0
            -68.11602,-16.51787,0
            -68.116,-16.51788,0
            -68.11596,-16.51789,0
            -68.11592,-16.51789,0
            -68.1159,-16.51789,0
            -68.11589,-16.51788,0
            -68.11587,-16.51788,0
            -68.11585,-16.51787,0
            -68.11583,-16.51785,0
            -68.11581,-16.51783,0
            -68.1158,-16.51782,0
            -68.11579,-16.51781,0
            -68.11577,-16.51778,0
            -68.11576,-16.51775,0
            -68.11576,-16.51773,0
            -68.11575,-16.51769,0
            -68.11575,-16.51763,0
            -68.11574,-16.51748,0
            -68.11574,-16.51736,0
            -68.11574,-16.5173,0
            -68.11574,-16.5172,0
            -68.11574,-16.51712,0
            -68.11574,-16.51698,0
            -68.11573,-16.51685,0
            -68.11573,-16.51676,0
            -68.11572,-16.51672,0
            -68.11571,-16.51658,0
            -68.1157,-16.51639,0
            -68.11569,-16.51631,0
            -68.11568,-16.51617,0
            -68.11568,-16.51593,0
            -68.11569,-16.51561,0
            -68.11564,-16.51551,0
            -68.11561,-16.51548,0
            -68.11558,-16.51543,0
            -68.11556,-16.51544,0
            -68.11555,-16.51544,0
            -68.11554,-16.51543,0
            -68.11553,-16.51543,0
            -68.11552,-16.51543,0
            -68.11551,-16.51543,0
            -68.1155,-16.51542,0
            -68.11549,-16.51542,0
            -68.11548,-16.51541,0
            -68.11547,-16.51541,0
            -68.11547,-16.5154,0
            -68.11546,-16.5154,0
            -68.11546,-16.51539,0
            -68.11544,-16.51537,0
            -68.11522,-16.51541,0
            -68.11516,-16.51549,0
            -68.11513,-16.51555,0
            -68.11511,-16.5156,0
            -68.11508,-16.51568,0
            -68.11496,-16.51634,0
            -68.11493,-16.51644,0
            -68.11491,-16.51656,0
            -68.11487,-16.51669,0
            -68.11479,-16.51697,0
            -68.11474,-16.51713,0
            -68.11472,-16.51721,0
            -68.11471,-16.51723,0
            -68.11464,-16.51748,0
            -68.11462,-16.51757,0
            -68.11461,-16.51765,0
            -68.1146,-16.5177,0
            -68.11459,-16.51801,0
            -68.11459,-16.51814,0
            -68.11458,-16.51834,0
            -68.11457,-16.5184,0
            -68.11454,-16.5187,0
            -68.11453,-16.51885,0
            -68.11452,-16.5191,0
            -68.11458,-16.5194,0
            -68.11468,-16.51962,0
            -68.11473,-16.51974,0
            -68.11481,-16.51985,0
            -68.11476,-16.51988,0
            -68.11473,-16.51991,0
            -68.11471,-16.51994,0
            -68.11469,-16.51997,0
            -68.11467,-16.51999,0
            -68.11464,-16.52009,0
            -68.11478,-16.5205,0
            -68.11482,-16.52063,0
            -68.11491,-16.52092,0
            -68.11494,-16.52121,0
            -68.11495,-16.52138,0
            -68.11495,-16.52192,0
            -68.11493,-16.52205,0
            -68.11488,-16.52217,0
            -68.11483,-16.52228,0
            -68.11473,-16.52243,0
            -68.11463,-16.52254,0
            -68.11456,-16.52262,0
            -68.1145,-16.52268,0
            -68.11444,-16.52273,0
            -68.11437,-16.52278,0
            -68.11421,-16.52286,0
            -68.11345,-16.52327,0
            -68.11329,-16.52336,0
            -68.11307,-16.52348,0
            -68.11267,-16.52371,0
            -68.11193,-16.52412,0
            -68.11118,-16.52453,0
            -68.11075,-16.52476,0
            -68.11043,-16.52494,0
            -68.10968,-16.52535,0
            -68.10931,-16.52556,0
            -68.10895,-16.52576,0
            -68.10818,-16.52617,0
            -68.10761,-16.52647,0
            -68.10738,-16.52659,0
            -68.10722,-16.52668,0
            -68.10689,-16.52685,0
            -68.10655,-16.52706,0
            -68.10614,-16.5273,0
            -68.1054,-16.5277,0
            -68.10507,-16.52788,0
            -68.10467,-16.52811,0
            -68.10465,-16.52812,0
            -68.10392,-16.52852,0
            -68.10358,-16.52871,0
            -68.10315,-16.52893,0
            -68.10241,-16.52936,0
            -68.10232,-16.5294,0
            -68.10182,-16.52968,0
            -68.10173,-16.52972,0
            -68.10146,-16.52985,0
            -68.10144,-16.52989,0
            -68.10143,-16.52992,0
            -68.10139,-16.52994,0
            -68.10135,-16.52997,0
            -68.10076,-16.53028,0
            -68.10067,-16.53033,0
            -68.10051,-16.53042,0
            -68.10037,-16.5305,0
            -68.10021,-16.53059,0
            -68.10015,-16.53063,0
            -68.10009,-16.53067,0
            -68.10002,-16.53071,0
            -68.09997,-16.53075,0
            -68.09991,-16.5308,0
            -68.09977,-16.53092,0
            -68.0996,-16.53107,0
            -68.09944,-16.53121,0
            -68.09936,-16.53128,0
            -68.0993,-16.53134,0
            -68.09923,-16.53142,0
            -68.09901,-16.53169,0
            -68.09887,-16.53185,0
            -68.09862,-16.5322,0
            -68.09855,-16.53228,0
            -68.09848,-16.53237,0
            -68.09844,-16.53243,0
            -68.09812,-16.53287,0
            -68.09803,-16.53298,0
            -68.09797,-16.53306,0
            -68.09789,-16.53317,0
            -68.09745,-16.53374,0
            -68.09743,-16.53377,0
            -68.09722,-16.53403,0
            -68.09706,-16.53423,0
            -68.09679,-16.53458,0
            -68.09677,-16.53461,0
            -68.09653,-16.53489,0
            -68.0964,-16.53506,0
            -68.09628,-16.53531,0
            -68.09621,-16.53549,0
            -68.09607,-16.53584,0
            -68.09599,-16.53603,0
            -68.09591,-16.53623,0
            -68.09558,-16.53703,0
            -68.0953,-16.53771,0
            -68.0952,-16.53795,0
            -68.09499,-16.5385,0
            -68.09479,-16.53899,0
            -68.09477,-16.53905,0
            -68.09473,-16.53916,0
            -68.09446,-16.53987,0
            -68.09441,-16.53999,0
            -68.09413,-16.54068,0
            -68.09409,-16.54077,0
            -68.09406,-16.54084,0
            -68.09393,-16.5411,0
            -68.09383,-16.54124,0
            -68.0938,-16.54129,0
            -68.09372,-16.54139,0
            -68.09366,-16.54146,0
            -68.0936,-16.54152,0
            -68.09358,-16.54153,0
            -68.09351,-16.5416,0
            -68.09336,-16.54168,0
            -68.09328,-16.5417,0
            -68.09325,-16.54171,0
            -68.09322,-16.54172,0
            -68.09309,-16.54173,0
            -68.09299,-16.54172,0
            -68.09288,-16.5417,0
            -68.09273,-16.54166,0
            -68.09267,-16.54164,0
            -68.09154,-16.54132,0
            -68.09143,-16.54128,0
            -68.09125,-16.54123,0
            -68.09085,-16.54112,0
            -68.09044,-16.54102,0
            -68.0903,-16.54098,0
            -68.0894,-16.54071,0
            -68.08892,-16.54059,0
            -68.08874,-16.54055,0
            -68.08856,-16.5405,0
            -68.08838,-16.54046,0
            -68.08738,-16.54017,0
            -68.08636,-16.53984,0
            -68.0854,-16.53958,0
            -68.08525,-16.53954,0
            -68.08417,-16.53924,0
            -68.0834,-16.53902,0
            -68.0832,-16.53897,0
            -68.08299,-16.53891,0
            -68.08277,-16.53885,0
            -68.08259,-16.5388,0
            -68.08248,-16.53879,0
            -68.08235,-16.53878,0
            -68.08225,-16.53878,0
            -68.08219,-16.53878,0
            -68.08145,-16.53883,0
            -68.08107,-16.53886,0
            -68.08032,-16.53888,0
            -68.07995,-16.53889,0
            -68.07936,-16.53894,0
            -68.07883,-16.53898,0
            -68.07866,-16.53899,0
            -68.07847,-16.539,0
            -68.07809,-16.53901,0
            -68.07801,-16.53901,0
            -68.07791,-16.53902,0
            -68.07782,-16.53903,0
            -68.07697,-16.53907,0
            -68.07677,-16.53908,0
            -68.07625,-16.53911,0
            -68.07612,-16.53912,0
            -68.07601,-16.53914,0
            -68.07591,-16.53914,0
            -68.07576,-16.53915,0
            -68.07566,-16.53915,0
            -68.0756,-16.53916,0
            -68.07555,-16.53918,0
            -68.07552,-16.5392,0
            -68.07537,-16.53936,0
            -68.07534,-16.53939,0
            -68.07528,-16.53944,0
            -68.07518,-16.53954,0
            -68.07515,-16.53957,0
            -68.07499,-16.53973,0
            -68.0748,-16.5399,0
            -68.07469,-16.54,0
            -68.07464,-16.54003,0
            -68.07459,-16.54007,0
            -68.07451,-16.54012,0
            -68.07443,-16.54015,0
            -68.07435,-16.54018,0
            -68.07426,-16.5402,0
            -68.07406,-16.5402,0
            -68.07388,-16.54019,0
            -68.07376,-16.54016,0
            -68.07356,-16.54012,0
            -68.0734,-16.54006,0
            -68.07325,-16.53998,0
            -68.07315,-16.5399,0
            -68.07305,-16.5398,0
            -68.07288,-16.53963,0
            -68.07283,-16.53959,0
            -68.07279,-16.53956,0
            -68.07271,-16.53954,0
            -68.07261,-16.53953,0
            -68.07245,-16.53952,0
            -68.0723,-16.5395,0
            -68.07216,-16.5395,0
            -68.07199,-16.53951,0
            -68.07185,-16.53951,0
            -68.07174,-16.53953,0
            -68.07173,-16.53953,0
            -68.0716,-16.53955,0
            -68.07151,-16.53958,0
            -68.07137,-16.53964,0
            -68.07123,-16.5397,0
            -68.07121,-16.53971,0
            -68.07063,-16.54001,0
            -68.06903,-16.54053,0
            -68.06885,-16.54058,0
            -68.0688,-16.5406,0
            -68.06867,-16.54063,0
            -68.06865,-16.54064,0
            -68.06846,-16.54068,0
            -68.06834,-16.54069,0
            -68.06782,-16.54072,0
            -68.06763,-16.54073,0
            -68.06744,-16.54074,0
            -68.06726,-16.54075,0
            -68.06717,-16.54075,0
            -68.06708,-16.54075,0
            -68.06703,-16.54075,0
            -68.06684,-16.54073,0
            -68.06665,-16.54072,0
            -68.06659,-16.54072,0
            -68.06646,-16.54071,0
            -68.06628,-16.5407,0
            -68.06609,-16.54069,0
            -68.0659,-16.54067,0
            -68.06572,-16.54066,0
            -68.06553,-16.54065,0
            -68.06543,-16.54064,0
            -68.06534,-16.54063,0
            -68.06496,-16.54065,0
            -68.06477,-16.54063,0
            -68.0647,-16.54063,0
            -68.06456,-16.54063,0
            -68.06446,-16.54063,0
            -68.06414,-16.54067,0
            -68.06384,-16.54072,0
            -68.06348,-16.54077,0
            -68.06346,-16.54077,0
            -68.06339,-16.54079,0
            -68.06332,-16.54079,0
            -68.06324,-16.54079,0
            -68.06307,-16.54084,0
            -68.06275,-16.54096,0
            -68.06266,-16.54099,0
            -68.06244,-16.54102,0
            -68.06232,-16.54104,0
            -68.06226,-16.54105,0
            -68.06219,-16.54107,0
            -68.06214,-16.54109,0
            -68.06209,-16.54112,0
            -68.06205,-16.54117,0
            -68.06199,-16.54123,0
            -68.06193,-16.54129,0
            -68.06186,-16.54134,0
            -68.06181,-16.54136,0
            -68.06175,-16.54138,0
            -68.06171,-16.54139,0
            -68.06147,-16.54137,0
            -68.0614,-16.54136,0
            -68.06108,-16.54132,0
            -68.06099,-16.5413,0
            -68.06076,-16.54121,0
            -68.06061,-16.54115,0
            -68.06044,-16.54112,0
            -68.06013,-16.54113,0
            -68.05995,-16.54112,0
            -68.05988,-16.54111,0
            -68.05974,-16.54108,0
            -68.05964,-16.54106,0
            -68.05956,-16.54104,0
            -68.05951,-16.54103,0
            -68.05936,-16.54096,0
            -68.05927,-16.54093,0
            -68.05904,-16.54091,0
            -68.05893,-16.54093,0
            -68.05881,-16.54097,0
            -68.05876,-16.54098,0
            -68.05869,-16.541,0
            -68.05858,-16.54105,0
            -68.05855,-16.54106,0
            -68.05844,-16.5411,0
            -68.05829,-16.54121,0
            -68.05815,-16.54134,0
            -68.058,-16.54149,0
            -68.05793,-16.54155,0
            -68.0579,-16.54156,0
            -68.05784,-16.54158,0
            -68.05776,-16.54158,0
            -68.05767,-16.54156,0
            -68.05759,-16.54153,0
            -68.05755,-16.5415,0
            -68.05752,-16.54148,0
            -68.05751,-16.54144,0
            -68.05725,-16.54145,0
            -68.05669,-16.54147,0
            -68.05544,-16.54152,0
            -68.05506,-16.54153,0
            -68.05497,-16.54154,0
            -68.05452,-16.54154,0
            -68.05373,-16.54155,0
            -68.05332,-16.54155,0
            -68.05304,-16.54159,0
            -68.05286,-16.54161,0
            -68.05267,-16.54163,0
            -68.05248,-16.54165,0
            -68.0523,-16.54168,0
            -68.05211,-16.5417,0
            -68.05192,-16.54172,0
            -68.05185,-16.54173,0
            -68.05124,-16.5418,0
            -68.0512,-16.54181,0
            -68.05116,-16.54181,0
            -68.05113,-16.5418,0
            -68.05111,-16.54178,0
            -68.05109,-16.54177,0
            -68.05108,-16.54176,0
            -68.05106,-16.54174,0
            -68.05091,-16.5415,0
            -68.05077,-16.54126,0
            -68.05073,-16.5412,0
            -68.05071,-16.54114,0
            -68.0507,-16.54108,0
            -68.05069,-16.54083,0
            -68.05067,-16.54029,0
            -68.0506,-16.54029,0
            -68.05023,-16.5403,0
            -68.04982,-16.5403,0
            -68.04937,-16.54033,0
            -68.04916,-16.54036,0
            -68.04906,-16.54039,0
            -68.049,-16.54043,0
            -68.04894,-16.54049,0
            -68.04885,-16.54054,0
            -68.04878,-16.54056,0
            -68.04864,-16.54058,0
            -68.04845,-16.54061,0
            -68.04827,-16.54063,0
            -68.0481,-16.54064,0
            -68.04808,-16.54064,0
            -68.04792,-16.54064,0
            -68.04789,-16.54038,0
            -68.04788,-16.54033,0
          </coordinates>
        </LineString>
      </Placemark>
      <Placemark>
        <name>GVGJ+3J2, La Paz, Bolivia</name>
        <styleUrl>#icon-1899-DB4436-nodesc</styleUrl>
        <Point>
          <coordinates>
            -68.1183593,-16.474859,0
          </coordinates>
        </Point>
      </Placemark>
      <Placemark>
        <name>C. 17 148, La Paz, Bolivia</name>
        <styleUrl>#icon-1899-DB4436-nodesc</styleUrl>
        <Point>
          <coordinates>
            -68.0478828,-16.5403253,0
          </coordinates>
        </Point>
      </Placemark>
    </Folder>
    <Folder>
      <name>Minibus 394 - Laguna de cota cota vuelta</name>
      <Placemark>
        <name>Minibus 394 - Laguna de cota cota vuelta</name>
        <styleUrl>#line-1267FF-5000-nodesc</styleUrl>
        <LineString>
          <tessellate>1</tessellate>
          <coordinates>
            -68.04785,-16.54002,0
            -68.04789,-16.54038,0
            -68.04792,-16.54064,0
            -68.04808,-16.54064,0
            -68.0481,-16.54064,0
            -68.04827,-16.54063,0
            -68.04845,-16.54061,0
            -68.04864,-16.54058,0
            -68.04878,-16.54056,0
            -68.04885,-16.54054,0
            -68.04894,-16.54049,0
            -68.049,-16.54043,0
            -68.04906,-16.54039,0
            -68.04916,-16.54036,0
            -68.04937,-16.54033,0
            -68.04982,-16.5403,0
            -68.05023,-16.5403,0
            -68.0506,-16.54029,0
            -68.05067,-16.54029,0
            -68.05069,-16.54083,0
            -68.0507,-16.54108,0
            -68.05071,-16.54114,0
            -68.05073,-16.5412,0
            -68.05077,-16.54126,0
            -68.05091,-16.5415,0
            -68.05106,-16.54174,0
            -68.05108,-16.54176,0
            -68.05109,-16.54177,0
            -68.05111,-16.54178,0
            -68.05113,-16.5418,0
            -68.05116,-16.54181,0
            -68.0512,-16.54181,0
            -68.05124,-16.5418,0
            -68.05185,-16.54173,0
            -68.05192,-16.54172,0
            -68.05211,-16.5417,0
            -68.0523,-16.54168,0
            -68.05248,-16.54165,0
            -68.05267,-16.54163,0
            -68.05286,-16.54161,0
            -68.05304,-16.54159,0
            -68.05332,-16.54155,0
            -68.05373,-16.54155,0
            -68.05452,-16.54154,0
            -68.05497,-16.54154,0
            -68.05506,-16.54153,0
            -68.05544,-16.54152,0
            -68.05669,-16.54147,0
            -68.05725,-16.54145,0
            -68.05751,-16.54144,0
            -68.05752,-16.54148,0
            -68.05755,-16.5415,0
            -68.05759,-16.54153,0
            -68.05767,-16.54156,0
            -68.05776,-16.54158,0
            -68.05784,-16.54158,0
            -68.0579,-16.54156,0
            -68.05793,-16.54155,0
            -68.058,-16.54149,0
            -68.05815,-16.54134,0
            -68.05829,-16.54121,0
            -68.05844,-16.5411,0
            -68.05855,-16.54106,0
            -68.05858,-16.54105,0
            -68.05869,-16.541,0
            -68.05876,-16.54098,0
            -68.05881,-16.54097,0
            -68.05893,-16.54093,0
            -68.05904,-16.54091,0
            -68.05927,-16.54093,0
            -68.05936,-16.54096,0
            -68.05951,-16.54103,0
            -68.05956,-16.54104,0
            -68.05964,-16.54106,0
            -68.05974,-16.54108,0
            -68.05988,-16.54111,0
            -68.05995,-16.54112,0
            -68.06013,-16.54113,0
            -68.06044,-16.54112,0
            -68.06061,-16.54115,0
            -68.06076,-16.54121,0
            -68.06099,-16.5413,0
            -68.06108,-16.54132,0
            -68.0614,-16.54136,0
            -68.06147,-16.54137,0
            -68.06171,-16.54139,0
            -68.06175,-16.54138,0
            -68.06181,-16.54136,0
            -68.06186,-16.54134,0
            -68.06193,-16.54129,0
            -68.06199,-16.54123,0
            -68.06205,-16.54117,0
            -68.06209,-16.54112,0
            -68.06214,-16.54109,0
            -68.06219,-16.54107,0
            -68.06226,-16.54105,0
            -68.06232,-16.54104,0
            -68.06244,-16.54102,0
            -68.06266,-16.54099,0
            -68.06275,-16.54096,0
            -68.06307,-16.54084,0
            -68.06324,-16.54079,0
            -68.0633,-16.54075,0
            -68.06336,-16.54072,0
            -68.06346,-16.54068,0
            -68.06397,-16.54061,0
            -68.06441,-16.54054,0
            -68.06499,-16.54055,0
            -68.06535,-16.54055,0
            -68.06557,-16.54055,0
            -68.06574,-16.54056,0
            -68.06609,-16.54056,0
            -68.06637,-16.54058,0
            -68.06647,-16.54059,0
            -68.06716,-16.54064,0
            -68.06725,-16.54064,0
            -68.06773,-16.54061,0
            -68.06824,-16.54057,0
            -68.06832,-16.54056,0
            -68.06841,-16.54055,0
            -68.06851,-16.54054,0
            -68.06872,-16.5405,0
            -68.06887,-16.54045,0
            -68.06898,-16.54041,0
            -68.06899,-16.54041,0
            -68.06957,-16.54022,0
            -68.06971,-16.54018,0
            -68.07023,-16.54001,0
            -68.07059,-16.5399,0
            -68.07099,-16.53969,0
            -68.07111,-16.53963,0
            -68.07116,-16.5396,0
            -68.07128,-16.53955,0
            -68.07151,-16.53947,0
            -68.07155,-16.53946,0
            -68.07167,-16.53943,0
            -68.07169,-16.53943,0
            -68.07182,-16.53941,0
            -68.07209,-16.53939,0
            -68.07225,-16.53939,0
            -68.07231,-16.53939,0
            -68.07263,-16.53939,0
            -68.07277,-16.53941,0
            -68.07285,-16.53943,0
            -68.07288,-16.53945,0
            -68.07292,-16.53948,0
            -68.07297,-16.53954,0
            -68.07303,-16.5396,0
            -68.0731,-16.53969,0
            -68.07336,-16.53991,0
            -68.07339,-16.53992,0
            -68.07348,-16.53998,0
            -68.07357,-16.54002,0
            -68.07367,-16.54005,0
            -68.07377,-16.54008,0
            -68.0739,-16.54009,0
            -68.07405,-16.54009,0
            -68.07424,-16.54008,0
            -68.07432,-16.54006,0
            -68.07438,-16.54004,0
            -68.07448,-16.54,0
            -68.07458,-16.53993,0
            -68.0747,-16.53985,0
            -68.07472,-16.53984,0
            -68.07473,-16.53983,0
            -68.07487,-16.53971,0
            -68.07501,-16.53959,0
            -68.07504,-16.53956,0
            -68.07514,-16.53946,0
            -68.07526,-16.53935,0
            -68.07529,-16.53932,0
            -68.07548,-16.53912,0
            -68.07551,-16.53909,0
            -68.07554,-16.53907,0
            -68.0756,-16.53905,0
            -68.07573,-16.53902,0
            -68.07585,-16.53903,0
            -68.07592,-16.53902,0
            -68.07612,-16.53901,0
            -68.07677,-16.53898,0
            -68.07695,-16.53897,0
            -68.07707,-16.53896,0
            -68.07725,-16.53895,0
            -68.07782,-16.53893,0
            -68.07802,-16.53892,0
            -68.0781,-16.53891,0
            -68.07867,-16.53887,0
            -68.07885,-16.53885,0
            -68.07923,-16.53884,0
            -68.07942,-16.53883,0
            -68.07979,-16.53881,0
            -68.07984,-16.53881,0
            -68.07995,-16.5388,0
            -68.08003,-16.5388,0
            -68.08013,-16.53879,0
            -68.08032,-16.53878,0
            -68.08088,-16.53875,0
            -68.08099,-16.53875,0
            -68.08109,-16.53874,0
            -68.08119,-16.53873,0
            -68.08132,-16.53872,0
            -68.08138,-16.53872,0
            -68.08175,-16.5387,0
            -68.08204,-16.53868,0
            -68.08217,-16.53867,0
            -68.08224,-16.53868,0
            -68.08228,-16.53868,0
            -68.0824,-16.53868,0
            -68.08252,-16.53869,0
            -68.08263,-16.5387,0
            -68.08272,-16.53871,0
            -68.08276,-16.53872,0
            -68.08324,-16.53887,0
            -68.08343,-16.53892,0
            -68.08421,-16.53911,0
            -68.08474,-16.53927,0
            -68.08542,-16.53947,0
            -68.08564,-16.53953,0
            -68.08586,-16.5396,0
            -68.08625,-16.53971,0
            -68.0864,-16.53976,0
            -68.08653,-16.53979,0
            -68.08729,-16.54001,0
            -68.08741,-16.54004,0
            -68.08766,-16.54011,0
            -68.08829,-16.54029,0
            -68.08842,-16.54033,0
            -68.08855,-16.54036,0
            -68.08858,-16.54037,0
            -68.08873,-16.54041,0
            -68.08876,-16.54042,0
            -68.08887,-16.54045,0
            -68.08895,-16.54048,0
            -68.08937,-16.54059,0
            -68.08945,-16.54062,0
            -68.08963,-16.54067,0
            -68.08981,-16.54072,0
            -68.08999,-16.54078,0
            -68.09034,-16.54088,0
            -68.09047,-16.54092,0
            -68.09074,-16.54098,0
            -68.09092,-16.54103,0
            -68.09102,-16.54105,0
            -68.09145,-16.54118,0
            -68.09155,-16.54121,0
            -68.0917,-16.54125,0
            -68.092,-16.54132,0
            -68.09229,-16.54142,0
            -68.09266,-16.54153,0
            -68.0929,-16.5416,0
            -68.09294,-16.54161,0
            -68.09312,-16.54163,0
            -68.09321,-16.54163,0
            -68.09326,-16.54161,0
            -68.09333,-16.54159,0
            -68.09343,-16.54154,0
            -68.09353,-16.54146,0
            -68.09357,-16.54142,0
            -68.09362,-16.54136,0
            -68.09375,-16.54121,0
            -68.09383,-16.54109,0
            -68.09391,-16.54097,0
            -68.09399,-16.54083,0
            -68.0941,-16.54057,0
            -68.09414,-16.54046,0
            -68.09416,-16.5404,0
            -68.09423,-16.54023,0
            -68.0943,-16.54007,0
            -68.09433,-16.54,0
            -68.0945,-16.53956,0
            -68.09456,-16.53939,0
            -68.0947,-16.53906,0
            -68.09476,-16.53889,0
            -68.09479,-16.53882,0
            -68.09485,-16.53867,0
            -68.09486,-16.53865,0
            -68.09497,-16.53837,0
            -68.095,-16.53831,0
            -68.09524,-16.5377,0
            -68.09544,-16.53718,0
            -68.0956,-16.53681,0
            -68.09576,-16.53639,0
            -68.0958,-16.5363,0
            -68.09593,-16.53596,0
            -68.09623,-16.53524,0
            -68.09632,-16.53506,0
            -68.09633,-16.53504,0
            -68.09642,-16.5349,0
            -68.09654,-16.53476,0
            -68.09665,-16.53462,0
            -68.09677,-16.53445,0
            -68.09726,-16.53386,0
            -68.09736,-16.53373,0
            -68.09741,-16.53367,0
            -68.09764,-16.53336,0
            -68.09775,-16.53322,0
            -68.09782,-16.53314,0
            -68.09793,-16.533,0
            -68.09797,-16.53295,0
            -68.09817,-16.53267,0
            -68.0984,-16.53237,0
            -68.09868,-16.532,0
            -68.0989,-16.53171,0
            -68.09909,-16.53146,0
            -68.09916,-16.53138,0
            -68.09923,-16.53131,0
            -68.09933,-16.53121,0
            -68.09955,-16.53101,0
            -68.09969,-16.53089,0
            -68.09981,-16.53079,0
            -68.09992,-16.53071,0
            -68.09999,-16.53066,0
            -68.10002,-16.53063,0
            -68.10012,-16.53057,0
            -68.10031,-16.53045,0
            -68.10046,-16.53035,0
            -68.10062,-16.53025,0
            -68.10031,-16.52972,0
            -68.1004,-16.52968,0
            -68.10056,-16.52959,0
            -68.1007,-16.52951,0
            -68.10083,-16.52944,0
            -68.10088,-16.5294,0
            -68.10091,-16.52939,0
            -68.10105,-16.52931,0
            -68.10122,-16.52921,0
            -68.10155,-16.52904,0
            -68.10206,-16.52877,0
            -68.10281,-16.52834,0
            -68.10355,-16.52793,0
            -68.1037,-16.52785,0
            -68.10421,-16.52756,0
            -68.1043,-16.52751,0
            -68.10504,-16.52711,0
            -68.10582,-16.52671,0
            -68.10611,-16.52654,0
            -68.10642,-16.52635,0
            -68.10654,-16.52628,0
            -68.10696,-16.52605,0
            -68.10728,-16.52588,0
            -68.10736,-16.52584,0
            -68.10752,-16.52575,0
            -68.10786,-16.52558,0
            -68.10819,-16.5254,0
            -68.10835,-16.52531,0
            -68.10859,-16.52518,0
            -68.1086,-16.52518,0
            -68.10934,-16.52477,0
            -68.11009,-16.52435,0
            -68.11024,-16.52426,0
            -68.11058,-16.52407,0
            -68.11083,-16.52394,0
            -68.11085,-16.52393,0
            -68.11107,-16.52381,0
            -68.11123,-16.52372,0
            -68.11156,-16.52354,0
            -68.11159,-16.52353,0
            -68.11199,-16.5233,0
            -68.11232,-16.52311,0
            -68.1126,-16.52296,0
            -68.11266,-16.52293,0
            -68.11315,-16.52269,0
            -68.11333,-16.52259,0
            -68.1136,-16.52243,0
            -68.11375,-16.52235,0
            -68.11387,-16.52227,0
            -68.11394,-16.52222,0
            -68.11402,-16.52214,0
            -68.11409,-16.52205,0
            -68.11416,-16.52192,0
            -68.11422,-16.52181,0
            -68.11425,-16.5217,0
            -68.11431,-16.5215,0
            -68.11433,-16.52138,0
            -68.11433,-16.52126,0
            -68.11433,-16.52106,0
            -68.11433,-16.52075,0
            -68.11434,-16.52069,0
            -68.11435,-16.52065,0
            -68.11436,-16.52063,0
            -68.11436,-16.52062,0
            -68.11439,-16.52056,0
            -68.11444,-16.52048,0
            -68.11449,-16.52041,0
            -68.11453,-16.52034,0
            -68.11455,-16.52029,0
            -68.11456,-16.52022,0
            -68.11455,-16.52014,0
            -68.11452,-16.51998,0
            -68.11449,-16.51977,0
            -68.11445,-16.51946,0
            -68.11445,-16.51934,0
            -68.11445,-16.51929,0
            -68.11445,-16.51922,0
            -68.11446,-16.5192,0
            -68.11452,-16.5191,0
            -68.11453,-16.51885,0
            -68.11454,-16.5187,0
            -68.11457,-16.5184,0
            -68.11458,-16.51834,0
            -68.11459,-16.51814,0
            -68.11459,-16.51801,0
            -68.1146,-16.5177,0
            -68.11461,-16.51765,0
            -68.11462,-16.51757,0
            -68.11464,-16.51748,0
            -68.11471,-16.51723,0
            -68.11472,-16.51721,0
            -68.11474,-16.51713,0
            -68.11479,-16.51697,0
            -68.11487,-16.51669,0
            -68.11491,-16.51656,0
            -68.11493,-16.51644,0
            -68.11496,-16.51634,0
            -68.11508,-16.51568,0
            -68.11511,-16.5156,0
            -68.11513,-16.51555,0
            -68.11516,-16.51549,0
            -68.11522,-16.51541,0
            -68.11532,-16.51531,0
            -68.11538,-16.51527,0
            -68.1154,-16.51526,0
            -68.11543,-16.51525,0
            -68.11544,-16.51523,0
            -68.11545,-16.51523,0
            -68.11545,-16.51522,0
            -68.11546,-16.51522,0
            -68.11546,-16.51521,0
            -68.11547,-16.51521,0
            -68.11548,-16.5152,0
            -68.1155,-16.51519,0
            -68.11552,-16.51518,0
            -68.11553,-16.51518,0
            -68.11554,-16.51518,0
            -68.11555,-16.51517,0
            -68.11556,-16.51517,0
            -68.11557,-16.51517,0
            -68.11558,-16.51518,0
            -68.11559,-16.51518,0
            -68.1156,-16.51518,0
            -68.11561,-16.51518,0
            -68.11562,-16.51519,0
            -68.11563,-16.51519,0
            -68.11564,-16.5152,0
            -68.11566,-16.51521,0
            -68.11567,-16.51523,0
            -68.11568,-16.51524,0
            -68.11568,-16.51525,0
            -68.11569,-16.51526,0
            -68.11569,-16.51527,0
            -68.11569,-16.51528,0
            -68.1157,-16.51529,0
            -68.1157,-16.5153,0
            -68.1157,-16.51531,0
            -68.1157,-16.51532,0
            -68.11569,-16.51533,0
            -68.11569,-16.51535,0
            -68.1157,-16.51539,0
            -68.1157,-16.51543,0
            -68.11571,-16.51549,0
            -68.1157,-16.51553,0
            -68.11569,-16.51561,0
            -68.11568,-16.51593,0
            -68.11568,-16.51617,0
            -68.11569,-16.51631,0
            -68.1157,-16.51639,0
            -68.11571,-16.51658,0
            -68.11572,-16.51672,0
            -68.11573,-16.51676,0
            -68.11573,-16.51685,0
            -68.11574,-16.51698,0
            -68.11574,-16.51712,0
            -68.11574,-16.5172,0
            -68.11574,-16.5173,0
            -68.11574,-16.51736,0
            -68.11574,-16.51748,0
            -68.11575,-16.51763,0
            -68.11575,-16.51769,0
            -68.11576,-16.51773,0
            -68.11576,-16.51775,0
            -68.11577,-16.51778,0
            -68.11579,-16.51781,0
            -68.1158,-16.51782,0
            -68.11581,-16.51783,0
            -68.11583,-16.51785,0
            -68.11585,-16.51787,0
            -68.11587,-16.51788,0
            -68.11589,-16.51788,0
            -68.1159,-16.51789,0
            -68.11593,-16.51789,0
            -68.11598,-16.51789,0
            -68.116,-16.51788,0
            -68.11602,-16.51787,0
            -68.11604,-16.51786,0
            -68.11606,-16.51785,0
            -68.11607,-16.51783,0
            -68.11608,-16.51781,0
            -68.11609,-16.51779,0
            -68.1161,-16.51777,0
            -68.11611,-16.51774,0
            -68.11611,-16.51772,0
            -68.11611,-16.51769,0
            -68.1161,-16.51763,0
            -68.1161,-16.51762,0
            -68.11604,-16.51726,0
            -68.11601,-16.51705,0
            -68.11601,-16.517,0
            -68.11601,-16.51694,0
            -68.11602,-16.51686,0
            -68.11604,-16.51675,0
            -68.11606,-16.51665,0
            -68.11609,-16.51651,0
            -68.11614,-16.51635,0
            -68.11619,-16.51626,0
            -68.11623,-16.51614,0
            -68.11627,-16.51605,0
            -68.11635,-16.51585,0
            -68.11638,-16.51578,0
            -68.11641,-16.51571,0
            -68.1166,-16.51527,0
            -68.11665,-16.51514,0
            -68.11669,-16.51504,0
            -68.11673,-16.51487,0
            -68.11676,-16.51478,0
            -68.11677,-16.51472,0
            -68.11683,-16.51451,0
            -68.1169,-16.51419,0
            -68.11693,-16.51409,0
            -68.11696,-16.514,0
            -68.117,-16.51394,0
            -68.11714,-16.51366,0
            -68.11715,-16.51364,0
            -68.11722,-16.51351,0
            -68.11723,-16.51349,0
            -68.1173,-16.51336,0
            -68.11732,-16.51332,0
            -68.11735,-16.51324,0
            -68.11742,-16.513,0
            -68.1175,-16.51278,0
            -68.11752,-16.51273,0
            -68.11758,-16.51256,0
            -68.11756,-16.51255,0
            -68.11755,-16.51254,0
            -68.11754,-16.51254,0
            -68.11753,-16.51253,0
            -68.11752,-16.51252,0
            -68.11752,-16.51251,0
            -68.11751,-16.5125,0
            -68.1175,-16.51249,0
            -68.1175,-16.51248,0
            -68.1175,-16.51247,0
            -68.1175,-16.51246,0
            -68.11749,-16.51245,0
            -68.11749,-16.51244,0
            -68.11749,-16.51243,0
            -68.11749,-16.51242,0
            -68.1175,-16.51241,0
            -68.1175,-16.5124,0
            -68.1175,-16.51239,0
            -68.1175,-16.51238,0
            -68.11751,-16.51237,0
            -68.11752,-16.51236,0
            -68.11752,-16.51235,0
            -68.11753,-16.51234,0
            -68.11754,-16.51233,0
            -68.11755,-16.51232,0
            -68.11756,-16.51231,0
            -68.1177,-16.51214,0
            -68.11772,-16.51212,0
            -68.11778,-16.51208,0
            -68.11787,-16.51201,0
            -68.11792,-16.51196,0
            -68.11797,-16.5119,0
            -68.11802,-16.51185,0
            -68.11804,-16.51182,0
            -68.11809,-16.51172,0
            -68.11815,-16.51162,0
            -68.11816,-16.51159,0
            -68.11823,-16.51146,0
            -68.11824,-16.51143,0
            -68.11832,-16.51127,0
            -68.11836,-16.51118,0
            -68.1184,-16.5111,0
            -68.11843,-16.51103,0
            -68.11847,-16.51094,0
            -68.11857,-16.51074,0
            -68.1187,-16.51048,0
            -68.11883,-16.5102,0
            -68.11893,-16.50999,0
            -68.11894,-16.50996,0
            -68.11904,-16.50974,0
            -68.11903,-16.50963,0
            -68.11903,-16.50955,0
            -68.11904,-16.50952,0
            -68.11905,-16.50949,0
            -68.11905,-16.50946,0
            -68.11907,-16.50943,0
            -68.11908,-16.5094,0
            -68.11912,-16.50935,0
            -68.11922,-16.50927,0
            -68.11928,-16.50911,0
            -68.11932,-16.50901,0
            -68.11934,-16.50897,0
            -68.11937,-16.50891,0
            -68.11938,-16.50889,0
            -68.11943,-16.50874,0
            -68.11948,-16.50864,0
            -68.11964,-16.50825,0
            -68.11975,-16.50797,0
            -68.11977,-16.50794,0
            -68.1198,-16.50786,0
            -68.11982,-16.50777,0
            -68.11985,-16.50767,0
            -68.11986,-16.50763,0
            -68.11987,-16.50757,0
            -68.11989,-16.50747,0
            -68.11989,-16.50745,0
            -68.11993,-16.50716,0
            -68.11998,-16.50679,0
            -68.12001,-16.50659,0
            -68.12004,-16.50638,0
            -68.12006,-16.5063,0
            -68.12008,-16.50623,0
            -68.12012,-16.50615,0
            -68.12018,-16.50603,0
            -68.12026,-16.50589,0
            -68.12046,-16.50554,0
            -68.12082,-16.50497,0
            -68.12088,-16.50487,0
            -68.12082,-16.50479,0
            -68.12079,-16.50474,0
            -68.12074,-16.50466,0
            -68.12044,-16.50405,0
            -68.12044,-16.50393,0
            -68.12056,-16.50392,0
            -68.12066,-16.50391,0
            -68.12077,-16.50391,0
            -68.12082,-16.50327,0
            -68.12086,-16.50268,0
            -68.12092,-16.50147,0
            -68.12093,-16.50107,0
            -68.12094,-16.50102,0
            -68.12094,-16.50098,0
            -68.12095,-16.5006,0
            -68.12102,-16.49943,0
            -68.12105,-16.49862,0
            -68.12108,-16.4981,0
            -68.12114,-16.49694,0
            -68.12114,-16.49669,0
            -68.12115,-16.4964,0
            -68.12116,-16.49619,0
            -68.12117,-16.49606,0
            -68.1212,-16.49573,0
            -68.12121,-16.49548,0
            -68.12123,-16.49523,0
            -68.12126,-16.49459,0
            -68.12124,-16.49458,0
            -68.12123,-16.49458,0
            -68.12123,-16.49457,0
            -68.12122,-16.49457,0
            -68.12122,-16.49456,0
            -68.12121,-16.49456,0
            -68.12121,-16.49455,0
            -68.1212,-16.49453,0
            -68.12119,-16.49452,0
            -68.12118,-16.49451,0
            -68.12118,-16.4945,0
            -68.12117,-16.49448,0
            -68.12117,-16.49445,0
            -68.12118,-16.49444,0
            -68.12118,-16.49443,0
            -68.12119,-16.4944,0
            -68.12123,-16.49436,0
            -68.12126,-16.49434,0
            -68.12127,-16.49428,0
            -68.12134,-16.49314,0
            -68.12135,-16.49275,0
            -68.12143,-16.49097,0
            -68.12144,-16.49057,0
            -68.12145,-16.49039,0
            -68.12146,-16.49021,0
            -68.12146,-16.49003,0
            -68.12147,-16.48985,0
            -68.12149,-16.48949,0
            -68.12151,-16.48909,0
            -68.12155,-16.48831,0
            -68.12161,-16.4873,0
            -68.1217,-16.48508,0
            -68.12106,-16.48507,0
            -68.12106,-16.48498,0
            -68.12107,-16.4848,0
            -68.12108,-16.48462,0
            -68.12111,-16.4839,0
            -68.12111,-16.48384,0
            -68.12113,-16.48373,0
            -68.12115,-16.48365,0
            -68.12117,-16.48359,0
            -68.1212,-16.48353,0
            -68.12128,-16.48344,0
            -68.12135,-16.48338,0
            -68.12143,-16.48332,0
            -68.12147,-16.48331,0
            -68.12153,-16.48328,0
            -68.12159,-16.48326,0
            -68.12166,-16.48324,0
            -68.12177,-16.48322,0
            -68.12179,-16.48316,0
            -68.1218,-16.48314,0
            -68.12181,-16.48313,0
            -68.12181,-16.48311,0
            -68.12182,-16.48307,0
            -68.12182,-16.48305,0
            -68.12183,-16.48287,0
            -68.12188,-16.48234,0
            -68.12188,-16.48231,0
            -68.12189,-16.48221,0
            -68.12187,-16.48214,0
            -68.12185,-16.48208,0
            -68.1218,-16.48195,0
            -68.12175,-16.4818,0
            -68.12169,-16.48163,0
            -68.12163,-16.48146,0
            -68.12158,-16.48131,0
            -68.12157,-16.48129,0
            -68.12143,-16.48091,0
            -68.12111,-16.47998,0
            -68.12105,-16.47985,0
            -68.12097,-16.47971,0
            -68.12069,-16.47925,0
            -68.12041,-16.47878,0
            -68.12036,-16.47869,0
            -68.12029,-16.47859,0
            -68.12027,-16.47855,0
            -68.12025,-16.47852,0
            -68.11953,-16.47732,0
            -68.11951,-16.47728,0
            -68.11924,-16.47683,0
            -68.11899,-16.47641,0
            -68.11889,-16.47625,0
            -68.1188,-16.4761,0
            -68.1187,-16.47594,0
            -68.11861,-16.47579,0
            -68.11851,-16.47562,0
            -68.11822,-16.47512,0
            -68.11819,-16.47513,0
            -68.11816,-16.47513,0
            -68.11814,-16.47514,0
            -68.11811,-16.47514,0
            -68.11809,-16.47513,0
            -68.11805,-16.47513,0
            -68.11801,-16.47511,0
            -68.11798,-16.4751,0
            -68.11797,-16.47509,0
            -68.11796,-16.47508,0
            -68.11795,-16.47507,0
            -68.11794,-16.47506,0
            -68.11792,-16.47503,0
            -68.11789,-16.47499,0
            -68.11788,-16.47495,0
            -68.11788,-16.47493,0
            -68.11787,-16.4749,0
            -68.11788,-16.47487,0
            -68.11789,-16.47483,0
            -68.1179,-16.47481,0
            -68.1179,-16.47479,0
            -68.11791,-16.47478,0
            -68.11792,-16.47477,0
            -68.11793,-16.47476,0
            -68.11794,-16.47475,0
            -68.11795,-16.47474,0
          </coordinates>
        </LineString>
      </Placemark>
      <Placemark>
        <name>C. Soldado Gil Coimbra 30, La Paz, Bolivia</name>
        <styleUrl>#icon-1899-DB4436-nodesc</styleUrl>
        <Point>
          <coordinates>
            -68.0478506,-16.54002,0
          </coordinates>
        </Point>
      </Placemark>
      <Placemark>
        <name>GVGJ+2QV Plaza del Maestro, La Paz, Bolivia</name>
        <styleUrl>#icon-1899-DB4436-nodesc</styleUrl>
        <Point>
          <coordinates>
            -68.1179454,-16.4747382,0
          </coordinates>
        </Point>
      </Placemark>
    </Folder>
    <Folder>
      <name>minibus 349 - plaza murillo ida</name>
      <Placemark>
        <name>minibus 349 - plaza murillo ida</name>
        <styleUrl>#line-1267FF-5000-nodesc</styleUrl>
        <LineString>
          <tessellate>1</tessellate>
          <coordinates>
            -68.11056,-16.46546,0
            -68.11058,-16.46555,0
            -68.1106,-16.46564,0
            -68.11062,-16.4657,0
            -68.11065,-16.46577,0
            -68.11067,-16.46583,0
            -68.11079,-16.46597,0
            -68.11085,-16.46605,0
            -68.11121,-16.46641,0
            -68.11136,-16.46656,0
            -68.11149,-16.4667,0
            -68.11155,-16.46676,0
            -68.11165,-16.46684,0
            -68.11188,-16.46701,0
            -68.11205,-16.46712,0
            -68.1122,-16.4672,0
            -68.11223,-16.46722,0
            -68.1124,-16.46734,0
            -68.11256,-16.46743,0
            -68.11266,-16.46747,0
            -68.11275,-16.46751,0
            -68.11306,-16.46762,0
            -68.1134,-16.46774,0
            -68.1136,-16.46782,0
            -68.1137,-16.46787,0
            -68.1138,-16.46794,0
            -68.11402,-16.46812,0
            -68.11407,-16.46816,0
            -68.11419,-16.46828,0
            -68.1143,-16.4684,0
            -68.1144,-16.4685,0
            -68.11449,-16.46859,0
            -68.11456,-16.46867,0
            -68.11461,-16.46871,0
            -68.11467,-16.46876,0
            -68.11478,-16.46882,0
            -68.1149,-16.46884,0
            -68.11519,-16.46875,0
            -68.11526,-16.4687,0
            -68.11529,-16.46868,0
            -68.11533,-16.46864,0
            -68.11546,-16.46849,0
            -68.11563,-16.46843,0
            -68.11566,-16.46843,0
            -68.11569,-16.46841,0
            -68.11573,-16.46839,0
            -68.11576,-16.46838,0
            -68.1158,-16.46838,0
            -68.1158,-16.46837,0
            -68.11596,-16.46834,0
            -68.11612,-16.46841,0
            -68.11619,-16.46846,0
            -68.11623,-16.4685,0
            -68.11627,-16.46856,0
            -68.11634,-16.46869,0
            -68.11635,-16.46875,0
            -68.11636,-16.46879,0
            -68.11636,-16.46885,0
            -68.11636,-16.46887,0
            -68.11636,-16.46888,0
            -68.11635,-16.46895,0
            -68.11633,-16.46903,0
            -68.11632,-16.46906,0
            -68.11628,-16.46918,0
            -68.11626,-16.46924,0
            -68.11617,-16.46951,0
            -68.11608,-16.46965,0
            -68.11606,-16.46968,0
            -68.11606,-16.46971,0
            -68.11606,-16.46975,0
            -68.11607,-16.46984,0
            -68.11609,-16.46998,0
            -68.11614,-16.47025,0
            -68.11615,-16.47035,0
            -68.11616,-16.47043,0
            -68.11616,-16.47054,0
            -68.11615,-16.47084,0
            -68.11617,-16.47101,0
            -68.11622,-16.4714,0
            -68.11624,-16.47156,0
            -68.11627,-16.47173,0
            -68.11629,-16.47184,0
            -68.11631,-16.4719,0
            -68.11634,-16.472,0
            -68.11638,-16.47209,0
            -68.11648,-16.4723,0
            -68.11655,-16.47241,0
            -68.11657,-16.47243,0
            -68.11667,-16.47258,0
            -68.11683,-16.47281,0
            -68.11708,-16.47317,0
            -68.1174,-16.47361,0
            -68.11759,-16.4739,0
            -68.11759,-16.47391,0
            -68.11806,-16.47468,0
            -68.1181,-16.47467,0
            -68.11813,-16.47467,0
            -68.11815,-16.47467,0
            -68.11818,-16.47468,0
            -68.1182,-16.47468,0
            -68.11822,-16.47469,0
            -68.11825,-16.4747,0
            -68.11827,-16.47472,0
            -68.11829,-16.47473,0
            -68.1183,-16.47475,0
            -68.11832,-16.47477,0
            -68.11833,-16.47479,0
            -68.11834,-16.47481,0
            -68.11835,-16.47483,0
            -68.11836,-16.47486,0
            -68.11836,-16.47491,0
            -68.11836,-16.47493,0
            -68.11836,-16.47496,0
            -68.11835,-16.47498,0
            -68.11834,-16.475,0
            -68.11832,-16.47503,0
            -68.11831,-16.47504,0
            -68.1183,-16.47506,0
            -68.11828,-16.47508,0
            -68.11847,-16.47541,0
            -68.11859,-16.47561,0
            -68.11885,-16.47605,0
            -68.11895,-16.4762,0
            -68.11904,-16.47636,0
            -68.11931,-16.4768,0
            -68.11957,-16.47725,0
            -68.11959,-16.47729,0
            -68.1196,-16.47729,0
            -68.11969,-16.47744,0
            -68.11978,-16.4776,0
            -68.11987,-16.47776,0
            -68.11997,-16.47791,0
            -68.12006,-16.47807,0
            -68.12016,-16.47822,0
            -68.12025,-16.47838,0
            -68.12032,-16.47849,0
            -68.12034,-16.47852,0
            -68.12035,-16.47853,0
            -68.12042,-16.47867,0
            -68.12047,-16.47876,0
            -68.12056,-16.47891,0
            -68.12102,-16.4797,0
            -68.12109,-16.47984,0
            -68.12115,-16.47996,0
            -68.1215,-16.48091,0
            -68.12163,-16.48127,0
            -68.12164,-16.48129,0
            -68.12186,-16.48192,0
            -68.12194,-16.48212,0
            -68.12196,-16.4822,0
            -68.12197,-16.48225,0
            -68.12198,-16.48228,0
            -68.12209,-16.48239,0
            -68.1223,-16.48266,0
            -68.12241,-16.48281,0
            -68.12269,-16.48319,0
            -68.12292,-16.48353,0
            -68.12324,-16.48422,0
            -68.12342,-16.4847,0
            -68.1236,-16.4852,0
            -68.12362,-16.48527,0
            -68.12368,-16.48539,0
            -68.12371,-16.48543,0
            -68.12377,-16.48553,0
            -68.12388,-16.48567,0
            -68.12389,-16.48568,0
            -68.12396,-16.48579,0
            -68.124,-16.48587,0
            -68.12407,-16.486,0
            -68.12411,-16.48613,0
            -68.12419,-16.48638,0
            -68.12427,-16.48666,0
            -68.12436,-16.48694,0
            -68.12441,-16.48707,0
            -68.12451,-16.48731,0
            -68.12456,-16.4874,0
            -68.12464,-16.48756,0
            -68.12468,-16.48765,0
            -68.1247,-16.48769,0
            -68.12472,-16.48774,0
            -68.12492,-16.48819,0
            -68.12495,-16.48831,0
            -68.12499,-16.48841,0
            -68.12504,-16.48853,0
            -68.12506,-16.48859,0
            -68.12508,-16.48863,0
            -68.12511,-16.48869,0
            -68.12519,-16.48883,0
            -68.12525,-16.48894,0
            -68.12529,-16.48899,0
            -68.12538,-16.48908,0
            -68.12551,-16.48922,0
            -68.12552,-16.48926,0
            -68.12552,-16.48929,0
            -68.12552,-16.48933,0
            -68.12552,-16.48937,0
            -68.12551,-16.48941,0
            -68.12549,-16.48949,0
            -68.12546,-16.48955,0
            -68.1254,-16.48972,0
            -68.12534,-16.48989,0
            -68.12531,-16.49002,0
            -68.12528,-16.4902,0
            -68.12527,-16.49028,0
            -68.12526,-16.49036,0
            -68.12526,-16.49047,0
            -68.12526,-16.49058,0
            -68.12527,-16.49063,0
            -68.12527,-16.49067,0
            -68.12527,-16.49073,0
            -68.12525,-16.49087,0
            -68.1252,-16.49132,0
            -68.12517,-16.49151,0
            -68.12515,-16.49164,0
            -68.12514,-16.49173,0
            -68.12513,-16.49183,0
            -68.12513,-16.49191,0
            -68.12514,-16.492,0
            -68.12514,-16.4921,0
            -68.12517,-16.49227,0
            -68.12518,-16.49235,0
            -68.12518,-16.49241,0
            -68.12519,-16.49249,0
            -68.12518,-16.49257,0
            -68.12518,-16.4926,0
            -68.12516,-16.49269,0
            -68.12515,-16.49275,0
            -68.12513,-16.4928,0
            -68.12511,-16.49286,0
            -68.12509,-16.49291,0
            -68.12506,-16.49295,0
            -68.12499,-16.49304,0
            -68.12496,-16.49308,0
            -68.12493,-16.49313,0
            -68.12492,-16.49317,0
            -68.12491,-16.4932,0
            -68.1249,-16.49323,0
            -68.1249,-16.49328,0
            -68.1249,-16.49331,0
            -68.12491,-16.49335,0
            -68.12491,-16.49338,0
            -68.12493,-16.49341,0
            -68.12494,-16.49343,0
            -68.12495,-16.49345,0
            -68.12499,-16.49351,0
            -68.12507,-16.49362,0
            -68.12528,-16.49387,0
            -68.12543,-16.49406,0
            -68.12557,-16.49424,0
            -68.12567,-16.49435,0
            -68.12571,-16.4944,0
            -68.12572,-16.49443,0
            -68.12573,-16.49444,0
            -68.12573,-16.49446,0
            -68.12575,-16.49449,0
            -68.12575,-16.49452,0
            -68.12576,-16.49456,0
            -68.12576,-16.49462,0
            -68.12577,-16.4948,0
            -68.12575,-16.49489,0
            -68.12575,-16.49498,0
            -68.12575,-16.49503,0
            -68.12575,-16.49508,0
            -68.12575,-16.49513,0
            -68.12576,-16.4952,0
            -68.12577,-16.49525,0
            -68.12579,-16.49531,0
            -68.12581,-16.49538,0
            -68.12583,-16.49545,0
            -68.12589,-16.4956,0
            -68.12594,-16.49575,0
            -68.12599,-16.49588,0
            -68.12611,-16.49619,0
            -68.12612,-16.49627,0
            -68.12619,-16.49635,0
            -68.12623,-16.49638,0
            -68.12626,-16.4964,0
            -68.1263,-16.49642,0
            -68.12635,-16.49643,0
            -68.12642,-16.49643,0
            -68.1265,-16.49643,0
            -68.12658,-16.49642,0
            -68.1268,-16.4964,0
            -68.12695,-16.49638,0
            -68.12699,-16.49638,0
            -68.12708,-16.49639,0
            -68.12718,-16.4964,0
            -68.12722,-16.4964,0
            -68.12732,-16.49642,0
            -68.12743,-16.49645,0
            -68.12752,-16.49648,0
            -68.12764,-16.49653,0
            -68.12781,-16.49661,0
            -68.12803,-16.49643,0
            -68.12819,-16.4963,0
            -68.12833,-16.4962,0
            -68.12836,-16.49618,0
            -68.12871,-16.49596,0
            -68.12872,-16.49595,0
            -68.12885,-16.49588,0
            -68.12919,-16.49573,0
            -68.12936,-16.49565,0
            -68.12941,-16.49563,0
            -68.12976,-16.49546,0
            -68.13014,-16.4953,0
            -68.13039,-16.49519,0
            -68.13056,-16.49512,0
            -68.13082,-16.495,0
            -68.13125,-16.49469,0
            -68.13135,-16.49484,0
            -68.13146,-16.49499,0
            -68.13174,-16.49536,0
            -68.13178,-16.49543,0
            -68.13218,-16.49604,0
            -68.13296,-16.49559,0
            -68.13354,-16.49524,0
            -68.13367,-16.49516,0
            -68.13427,-16.4948,0
            -68.13443,-16.49471,0
            -68.13475,-16.49452,0
            -68.13515,-16.49428,0
            -68.13516,-16.4943,0
            -68.1353,-16.49452,0
            -68.1354,-16.49468,0
            -68.13559,-16.49498,0
            -68.1357,-16.49513,0
            -68.1358,-16.49528,0
            -68.13596,-16.4955,0
            -68.13607,-16.49566,0
            -68.13613,-16.49573,0
            -68.13638,-16.496,0
            -68.13662,-16.49589,0
            -68.13666,-16.49589,0
            -68.1367,-16.49588,0
            -68.13677,-16.49588,0
            -68.1368,-16.49587,0
            -68.13683,-16.49587,0
            -68.13684,-16.49587,0
            -68.13702,-16.49586,0
            -68.1372,-16.49584,0
            -68.13721,-16.49584,0
            -68.13727,-16.49582,0
            -68.13731,-16.49581,0
            -68.13733,-16.4958,0
            -68.13739,-16.49576,0
            -68.13741,-16.49575,0
            -68.13743,-16.49572,0
            -68.13745,-16.49569,0
            -68.13765,-16.49539,0
            -68.13781,-16.49546,0
            -68.13832,-16.49569,0
            -68.13848,-16.49578,0
            -68.13864,-16.49587,0
            -68.13881,-16.49596,0
            -68.13897,-16.49605,0
            -68.13913,-16.49616,0
            -68.13926,-16.49624,0
            -68.13941,-16.49633,0
            -68.13957,-16.49643,0
            -68.13973,-16.49653,0
            -68.14005,-16.49671,0
            -68.14022,-16.4968,0
            -68.14061,-16.49702,0
            -68.14107,-16.49728,0
            -68.14158,-16.49755,0
            -68.14158,-16.49753,0
            -68.14158,-16.49752,0
            -68.14159,-16.49751,0
            -68.14159,-16.4975,0
            -68.14159,-16.49749,0
            -68.1416,-16.49748,0
            -68.1416,-16.49747,0
            -68.14161,-16.49746,0
            -68.14162,-16.49745,0
            -68.14163,-16.49745,0
            -68.14163,-16.49744,0
            -68.14164,-16.49743,0
            -68.14165,-16.49743,0
            -68.14166,-16.49742,0
            -68.14167,-16.49742,0
            -68.14168,-16.49741,0
            -68.14169,-16.49741,0
            -68.14171,-16.49741,0
            -68.14172,-16.49741,0
            -68.14173,-16.49741,0
            -68.14174,-16.49741,0
            -68.14175,-16.49741,0
            -68.14176,-16.49741,0
            -68.14177,-16.49742,0
            -68.14178,-16.49742,0
            -68.14179,-16.49742,0
            -68.1418,-16.49743,0
            -68.14181,-16.49744,0
            -68.14182,-16.49744,0
            -68.14183,-16.49745,0
            -68.14184,-16.49746,0
            -68.14185,-16.49747,0
            -68.14186,-16.49748,0
            -68.14187,-16.49749,0
            -68.14234,-16.49724,0
            -68.14295,-16.49692,0
            -68.14301,-16.49688,0
            -68.14328,-16.49683,0
            -68.14359,-16.49677,0
            -68.14438,-16.49651,0
            -68.1448,-16.49632,0
            -68.14548,-16.49601,0
            -68.1457,-16.49589,0
            -68.14577,-16.49584,0
            -68.14572,-16.49581,0
            -68.14568,-16.49576,0
            -68.14565,-16.49571,0
            -68.14564,-16.49568,0
            -68.14564,-16.49564,0
            -68.14566,-16.49559,0
            -68.14568,-16.49557,0
            -68.1457,-16.49556,0
            -68.14572,-16.49554,0
            -68.14574,-16.49553,0
            -68.14577,-16.49553,0
            -68.14582,-16.49553,0
            -68.14597,-16.49556,0
            -68.14606,-16.49559,0
            -68.14608,-16.4956,0
            -68.14609,-16.4956,0
            -68.1461,-16.49561,0
            -68.14612,-16.49563,0
            -68.14613,-16.49565,0
            -68.14615,-16.49571,0
            -68.14616,-16.49571,0
            -68.14683,-16.49567,0
            -68.1475,-16.49566,0
            -68.14767,-16.49566,0
            -68.14811,-16.49573,0
            -68.14877,-16.49581,0
            -68.1488,-16.49582,0
            -68.14905,-16.49587,0
            -68.1493,-16.49591,0
            -68.14949,-16.49591,0
            -68.15017,-16.49575,0
            -68.15082,-16.49566,0
            -68.15106,-16.49563,0
            -68.15119,-16.49562,0
            -68.15128,-16.49562,0
            -68.15165,-16.4956,0
            -68.15184,-16.49559,0
            -68.15194,-16.49558,0
            -68.15234,-16.49558,0
            -68.15305,-16.49553,0
            -68.15309,-16.49552,0
            -68.15346,-16.49547,0
            -68.15362,-16.49548,0
            -68.1538,-16.49549,0
            -68.15427,-16.49568,0
            -68.15512,-16.49599,0
            -68.15523,-16.49603,0
            -68.15534,-16.49607,0
            -68.15589,-16.4963,0
            -68.15592,-16.49631,0
            -68.15629,-16.49645,0
            -68.15676,-16.49665,0
            -68.15688,-16.4967,0
            -68.15705,-16.49662,0
            -68.15722,-16.49654,0
            -68.15738,-16.49646,0
            -68.15755,-16.49638,0
            -68.15766,-16.49632,0
            -68.15771,-16.49629,0
            -68.15787,-16.49621,0
            -68.15801,-16.49611,0
            -68.15814,-16.49598,0
            -68.15829,-16.49583,0
            -68.15839,-16.49571,0
            -68.1584,-16.4957,0
            -68.15847,-16.49561,0
            -68.15854,-16.49553,0
            -68.15857,-16.49546,0
            -68.1586,-16.49542,0
            -68.15866,-16.49531,0
            -68.15866,-16.4953,0
            -68.1587,-16.49521,0
            -68.15873,-16.49514,0
            -68.15875,-16.49507,0
            -68.15885,-16.4948,0
            -68.15888,-16.49473,0
            -68.15891,-16.49465,0
            -68.15897,-16.49452,0
            -68.15903,-16.4944,0
            -68.15919,-16.49449,0
            -68.15933,-16.49459,0
            -68.15934,-16.4946,0
            -68.15943,-16.49466,0
            -68.15948,-16.49471,0
            -68.15954,-16.49478,0
            -68.15959,-16.49484,0
            -68.1596,-16.49485,0
            -68.15964,-16.49491,0
            -68.15968,-16.49498,0
            -68.15969,-16.49501,0
            -68.15972,-16.49505,0
            -68.15975,-16.49512,0
            -68.15977,-16.49517,0
            -68.15978,-16.4952,0
            -68.15981,-16.49528,0
            -68.15982,-16.49535,0
            -68.15983,-16.49541,0
            -68.15984,-16.49553,0
            -68.15984,-16.4956,0
            -68.15984,-16.49571,0
            -68.15984,-16.49574,0
            -68.15982,-16.49584,0
            -68.15981,-16.4959,0
            -68.15979,-16.49595,0
            -68.15973,-16.49606,0
            -68.15967,-16.49617,0
            -68.15961,-16.49627,0
            -68.15958,-16.49631,0
            -68.1595,-16.49641,0
            -68.1595,-16.49642,0
            -68.15944,-16.49649,0
            -68.1594,-16.49655,0
            -68.15939,-16.49657,0
            -68.15929,-16.49672,0
            -68.15919,-16.49687,0
            -68.15912,-16.49697,0
            -68.15908,-16.49702,0
            -68.159,-16.49714,0
            -68.15898,-16.49717,0
            -68.15893,-16.49725,0
            -68.15889,-16.49733,0
            -68.1588,-16.49749,0
            -68.15879,-16.49749,0
            -68.15871,-16.49766,0
            -68.15866,-16.49776,0
            -68.15857,-16.49793,0
            -68.15847,-16.49814,0
            -68.15841,-16.49826,0
            -68.15836,-16.49837,0
            -68.15833,-16.49842,0
            -68.15829,-16.49851,0
            -68.15811,-16.49887,0
            -68.15807,-16.49896,0
          </coordinates>
        </LineString>
      </Placemark>
      <Placemark>
        <name>Av. Ramiro Castillo 1252, La Paz, Bolivia</name>
        <styleUrl>#icon-1899-DB4436-nodesc</styleUrl>
        <Point>
          <coordinates>
            -68.1105575,-16.4654627,0
          </coordinates>
        </Point>
      </Placemark>
      <Placemark>
        <name>GR2R+CQW, C. Mariano Colodro, La Paz, Bolivia</name>
        <styleUrl>#icon-1899-DB4436-nodesc</styleUrl>
        <Point>
          <coordinates>
            -68.1580686,-16.4989633,0
          </coordinates>
        </Point>
      </Placemark>
    </Folder>
    <Folder>
      <name>Minibus 820 - Calle Jaén ida</name>
      <Placemark>
        <name>Minibus 820 - Calle Jaén ida</name>
        <styleUrl>#line-1267FF-5000-nodesc</styleUrl>
        <LineString>
          <tessellate>1</tessellate>
          <coordinates>
            -68.08773,-16.44649,0
            -68.08864,-16.44775,0
            -68.08895,-16.44811,0
            -68.08993,-16.44903,0
            -68.09011,-16.44922,0
            -68.09043,-16.44962,0
            -68.09111,-16.45068,0
            -68.09137,-16.45101,0
            -68.09186,-16.45152,0
            -68.09199,-16.45162,0
            -68.09255,-16.45198,0
            -68.09302,-16.4522,0
            -68.09329,-16.4523,0
            -68.09343,-16.45233,0
            -68.09359,-16.45238,0
            -68.0944,-16.45255,0
            -68.09514,-16.45282,0
            -68.09617,-16.45335,0
            -68.09655,-16.45358,0
            -68.09664,-16.45362,0
            -68.09708,-16.45389,0
            -68.09855,-16.45467,0
            -68.09897,-16.45492,0
            -68.0993,-16.45518,0
            -68.0998,-16.45566,0
            -68.10085,-16.45685,0
            -68.10093,-16.45704,0
            -68.10122,-16.45738,0
            -68.10187,-16.45836,0
            -68.10188,-16.45837,0
            -68.10195,-16.45849,0
            -68.1023,-16.45896,0
            -68.1023,-16.45897,0
            -68.10238,-16.45905,0
            -68.10242,-16.45911,0
            -68.10277,-16.45953,0
            -68.10284,-16.45963,0
            -68.10288,-16.45967,0
            -68.1031,-16.45995,0
            -68.1036,-16.46045,0
            -68.10374,-16.46057,0
            -68.10407,-16.46076,0
            -68.1043,-16.46086,0
            -68.10531,-16.46124,0
            -68.10532,-16.46125,0
            -68.10681,-16.46218,0
            -68.10682,-16.46218,0
            -68.10727,-16.46248,0
            -68.10753,-16.46269,0
            -68.10755,-16.46272,0
            -68.10876,-16.46386,0
            -68.10905,-16.46411,0
            -68.10944,-16.46441,0
            -68.10994,-16.46472,0
            -68.11011,-16.46479,0
            -68.11028,-16.46489,0
            -68.11032,-16.46492,0
            -68.11036,-16.46496,0
            -68.11049,-16.46518,0
            -68.1106,-16.46564,0
            -68.11067,-16.46583,0
            -68.11085,-16.46605,0
            -68.11155,-16.46676,0
            -68.11188,-16.46701,0
            -68.11205,-16.46712,0
            -68.1122,-16.4672,0
            -68.1124,-16.46734,0
            -68.11256,-16.46743,0
            -68.1136,-16.46782,0
            -68.1137,-16.46787,0
            -68.11407,-16.46816,0
            -68.11456,-16.46867,0
            -68.11467,-16.46876,0
            -68.11478,-16.46882,0
            -68.1149,-16.46884,0
            -68.11519,-16.46875,0
            -68.11529,-16.46868,0
            -68.11546,-16.46849,0
            -68.11563,-16.46843,0
            -68.11566,-16.46843,0
            -68.11573,-16.46839,0
            -68.11576,-16.46838,0
            -68.1158,-16.46838,0
            -68.1158,-16.46837,0
            -68.11596,-16.46834,0
            -68.11612,-16.46841,0
            -68.11619,-16.46846,0
            -68.11623,-16.4685,0
            -68.11634,-16.46869,0
            -68.11636,-16.46879,0
            -68.11636,-16.46888,0
            -68.11633,-16.46903,0
            -68.11617,-16.46951,0
            -68.11608,-16.46965,0
            -68.11606,-16.4697,0
            -68.11606,-16.46975,0
            -68.11616,-16.47043,0
            -68.11615,-16.47084,0
            -68.11624,-16.47156,0
            -68.11629,-16.47184,0
            -68.11634,-16.472,0
            -68.11648,-16.4723,0
            -68.11655,-16.47241,0
            -68.11657,-16.47243,0
            -68.11759,-16.4739,0
            -68.11759,-16.47391,0
            -68.11806,-16.47468,0
            -68.11811,-16.47467,0
            -68.11815,-16.47467,0
            -68.11818,-16.47468,0
            -68.1182,-16.47468,0
            -68.11825,-16.4747,0
            -68.11827,-16.47472,0
            -68.11829,-16.47473,0
            -68.1183,-16.47475,0
            -68.11832,-16.47477,0
            -68.11835,-16.47482,0
            -68.11836,-16.47486,0
            -68.11836,-16.47496,0
            -68.11831,-16.47505,0
            -68.11828,-16.47508,0
            -68.11885,-16.47605,0
            -68.11895,-16.4762,0
            -68.11959,-16.47729,0
            -68.1196,-16.47729,0
            -68.12034,-16.47852,0
            -68.12035,-16.47853,0
            -68.12042,-16.47867,0
            -68.12102,-16.4797,0
            -68.12115,-16.47996,0
            -68.12194,-16.48212,0
            -68.12198,-16.48228,0
            -68.12198,-16.48255,0
            -68.12195,-16.48312,0
            -68.12198,-16.48323,0
            -68.12215,-16.48329,0
            -68.12219,-16.48331,0
            -68.12226,-16.48333,0
            -68.12237,-16.48343,0
            -68.12244,-16.48351,0
            -68.12253,-16.4837,0
            -68.12255,-16.48376,0
            -68.12256,-16.48383,0
            -68.12256,-16.48389,0
            -68.12257,-16.48394,0
            -68.1225,-16.48514,0
            -68.12186,-16.48509,0
            -68.12161,-16.48982,0
            -68.1216,-16.48985,0
            -68.1214,-16.49435,0
            -68.12142,-16.49436,0
            -68.12143,-16.49437,0
            -68.12144,-16.49437,0
            -68.12144,-16.49438,0
            -68.12146,-16.4944,0
            -68.12146,-16.49441,0
            -68.12147,-16.49442,0
            -68.12148,-16.49444,0
            -68.12148,-16.49446,0
            -68.12159,-16.49454,0
            -68.12414,-16.49687,0
            -68.12416,-16.49684,0
            -68.12418,-16.49683,0
            -68.12419,-16.49682,0
            -68.12421,-16.49681,0
            -68.12422,-16.49681,0
            -68.12423,-16.4968,0
            -68.12426,-16.49679,0
            -68.12429,-16.49679,0
            -68.12432,-16.4968,0
            -68.12435,-16.4968,0
            -68.12437,-16.49681,0
            -68.12439,-16.49683,0
            -68.12441,-16.49684,0
            -68.12444,-16.49687,0
            -68.12445,-16.49689,0
            -68.12447,-16.49696,0
            -68.12448,-16.49698,0
            -68.12447,-16.497,0
            -68.12447,-16.49703,0
            -68.12446,-16.49704,0
            -68.12444,-16.49709,0
            -68.12458,-16.49718,0
            -68.12579,-16.49764,0
            -68.12543,-16.49818,0
            -68.1247,-16.49943,0
            -68.12466,-16.49954,0
            -68.12466,-16.49961,0
            -68.1247,-16.49967,0
            -68.1248,-16.49976,0
            -68.12446,-16.49975,0
            -68.12439,-16.49994,0
            -68.12405,-16.50035,0
            -68.12402,-16.50041,0
            -68.12398,-16.50052,0
            -68.12396,-16.5006,0
            -68.12396,-16.50076,0
            -68.12397,-16.50083,0
            -68.12401,-16.50098,0
            -68.12404,-16.50106,0
            -68.1242,-16.50138,0
            -68.12426,-16.50161,0
            -68.12424,-16.50173,0
            -68.1242,-16.50183,0
            -68.12439,-16.5021,0
            -68.12446,-16.50217,0
            -68.12461,-16.50225,0
            -68.12504,-16.50241,0
            -68.12513,-16.50243,0
            -68.12515,-16.50244,0
            -68.12537,-16.50246,0
            -68.12589,-16.5024,0
            -68.12658,-16.50226,0
            -68.12684,-16.50218,0
            -68.12685,-16.50218,0
            -68.12779,-16.50181,0
            -68.12797,-16.50177,0
            -68.12804,-16.50177,0
            -68.12821,-16.50179,0
            -68.12836,-16.50183,0
            -68.12847,-16.5019,0
            -68.12858,-16.502,0
            -68.12866,-16.5022,0
            -68.1287,-16.50225,0
            -68.12869,-16.50226,0
            -68.12869,-16.50227,0
            -68.12868,-16.50228,0
            -68.12868,-16.50232,0
            -68.12869,-16.50232,0
            -68.12869,-16.50234,0
            -68.1287,-16.50234,0
            -68.1287,-16.50235,0
            -68.12872,-16.50237,0
            -68.12872,-16.50249,0
            -68.12873,-16.50253,0
            -68.12876,-16.5026,0
            -68.12869,-16.50287,0
            -68.12867,-16.50303,0
            -68.12861,-16.50321,0
            -68.12857,-16.5033,0
            -68.12854,-16.50335,0
            -68.12843,-16.50371,0
            -68.12843,-16.50373,0
            -68.12841,-16.50382,0
            -68.1284,-16.50391,0
            -68.12839,-16.50391,0
            -68.12839,-16.50408,0
            -68.1284,-16.50415,0
            -68.12844,-16.50426,0
            -68.12857,-16.50443,0
            -68.12857,-16.50444,0
            -68.12861,-16.50446,0
            -68.1287,-16.50446,0
            -68.12874,-16.50443,0
            -68.12889,-16.50416,0
            -68.12961,-16.50305,0
            -68.12965,-16.503,0
            -68.13089,-16.50376,0
            -68.13101,-16.50382,0
            -68.13113,-16.50397,0
            -68.13114,-16.504,0
            -68.1312,-16.50402,0
            -68.13129,-16.50409,0
            -68.1313,-16.50412,0
            -68.13256,-16.50376,0
            -68.1328,-16.50372,0
            -68.1333,-16.50369,0
            -68.13333,-16.50367,0
            -68.13336,-16.50367,0
            -68.13336,-16.50366,0
            -68.13342,-16.50364,0
            -68.1339,-16.50324,0
            -68.13466,-16.50244,0
            -68.13601,-16.50367,0
            -68.13709,-16.50259,0
            -68.13738,-16.50233,0
            -68.13739,-16.50231,0
            -68.13807,-16.5017,0
            -68.1382,-16.50162,0
            -68.13875,-16.50121,0
            -68.13937,-16.50055,0
            -68.13964,-16.50023,0
            -68.13967,-16.50017,0
            -68.14031,-16.49917,0
            -68.14061,-16.49874,0
            -68.14167,-16.49769,0
            -68.14164,-16.49767,0
            -68.14164,-16.49766,0
            -68.14163,-16.49766,0
            -68.1416,-16.49763,0
            -68.1416,-16.49762,0
            -68.14159,-16.49761,0
            -68.14159,-16.4976,0
            -68.14158,-16.49758,0
            -68.14158,-16.49753,0
            -68.14159,-16.49751,0
            -68.14159,-16.49749,0
            -68.1416,-16.49748,0
            -68.1416,-16.49747,0
            -68.14162,-16.49745,0
            -68.14163,-16.49745,0
            -68.14163,-16.49744,0
            -68.14164,-16.49743,0
            -68.14165,-16.49743,0
            -68.14166,-16.49742,0
            -68.14167,-16.49742,0
            -68.14168,-16.49741,0
            -68.14176,-16.49741,0
            -68.14177,-16.49742,0
            -68.14179,-16.49742,0
            -68.14181,-16.49744,0
            -68.14182,-16.49744,0
            -68.14187,-16.49749,0
            -68.14295,-16.49692,0
            -68.14301,-16.49688,0
            -68.14359,-16.49677,0
            -68.14438,-16.49651,0
            -68.14548,-16.49601,0
            -68.1457,-16.49589,0
            -68.14577,-16.49584,0
            -68.14572,-16.49581,0
            -68.14568,-16.49576,0
            -68.14565,-16.49571,0
            -68.14564,-16.49568,0
            -68.14564,-16.49564,0
            -68.14566,-16.49559,0
            -68.14573,-16.49553,0
            -68.14582,-16.49553,0
            -68.14597,-16.49556,0
            -68.14608,-16.4956,0
            -68.14609,-16.4956,0
            -68.14613,-16.49564,0
            -68.14615,-16.49571,0
            -68.14683,-16.49567,0
            -68.14767,-16.49566,0
            -68.1493,-16.49591,0
            -68.14949,-16.49591,0
            -68.15017,-16.49575,0
            -68.15106,-16.49563,0
            -68.15165,-16.4956,0
            -68.15161,-16.49539,0
            -68.15182,-16.49528,0
            -68.15234,-16.4949,0
            -68.15266,-16.4947,0
            -68.15275,-16.49466,0
            -68.15333,-16.49433,0
            -68.1549,-16.49369,0
            -68.15545,-16.49338,0
            -68.15574,-16.49318,0
            -68.15666,-16.49307,0
            -68.15682,-16.49307,0
            -68.15803,-16.49331,0
            -68.15814,-16.49332,0
            -68.15842,-16.49328,0
            -68.15897,-16.49315,0
            -68.15943,-16.49309,0
            -68.16037,-16.49288,0
            -68.16051,-16.49283,0
            -68.16054,-16.49281,0
            -68.16165,-16.49236,0
            -68.16237,-16.49214,0
            -68.16244,-16.49215,0
            -68.1625,-16.49215,0
            -68.16258,-16.49217,0
            -68.16261,-16.49219,0
            -68.16277,-16.49217,0
            -68.1628,-16.49216,0
            -68.16302,-16.49216,0
            -68.16336,-16.49212,0
            -68.16353,-16.49208,0
            -68.16354,-16.49208,0
            -68.16367,-16.49204,0
            -68.16374,-16.49201,0
            -68.1639,-16.49189,0
            -68.16445,-16.49139,0
            -68.16456,-16.49132,0
            -68.16465,-16.49128,0
            -68.16469,-16.49127,0
            -68.16474,-16.49127,0
            -68.16481,-16.49128,0
            -68.16488,-16.4913,0
            -68.16492,-16.49132,0
            -68.16494,-16.49134,0
            -68.16497,-16.49136,0
            -68.16499,-16.49138,0
            -68.16503,-16.49145,0
            -68.16503,-16.49146,0
            -68.16504,-16.49147,0
            -68.16506,-16.49155,0
            -68.16506,-16.49158,0
            -68.16502,-16.49175,0
            -68.16463,-16.49237,0
            -68.16463,-16.49238,0
            -68.1646,-16.49244,0
            -68.16456,-16.49257,0
            -68.16455,-16.49263,0
            -68.16455,-16.49281,0
            -68.16457,-16.49286,0
            -68.16461,-16.49289,0
            -68.16468,-16.49292,0
            -68.16479,-16.49292,0
            -68.16487,-16.49289,0
            -68.16498,-16.49282,0
            -68.16503,-16.49278,0
            -68.16507,-16.49273,0
            -68.16508,-16.49273,0
            -68.16532,-16.49244,0
            -68.16544,-16.49206,0
            -68.16554,-16.49186,0
            -68.16557,-16.49182,0
            -68.16576,-16.49149,0
            -68.16583,-16.4914,0
            -68.16587,-16.49136,0
            -68.16588,-16.49136,0
            -68.16589,-16.49135,0
            -68.16594,-16.49132,0
            -68.16597,-16.49132,0
            -68.16604,-16.4913,0
            -68.16612,-16.4913,0
            -68.16623,-16.49128,0
            -68.16634,-16.49122,0
            -68.16638,-16.49119,0
            -68.16699,-16.49043,0
            -68.16766,-16.48952,0
            -68.16769,-16.48945,0
            -68.16771,-16.48936,0
            -68.16771,-16.48929,0
            -68.16765,-16.48913,0
            -68.16745,-16.48877,0
            -68.16732,-16.48857,0
            -68.16719,-16.48832,0
            -68.16715,-16.48826,0
            -68.16701,-16.48791,0
            -68.16698,-16.48778,0
            -68.16696,-16.48773,0
            -68.16696,-16.4877,0
            -68.16694,-16.48764,0
            -68.16692,-16.4876,0
            -68.16666,-16.48736,0
            -68.16598,-16.48687,0
            -68.16585,-16.48676,0
            -68.16576,-16.4867,0
            -68.16569,-16.48663,0
            -68.16569,-16.48662,0
            -68.16567,-16.48658,0
            -68.16565,-16.48652,0
            -68.16565,-16.48648,0
            -68.16564,-16.48645,0
            -68.16564,-16.48624,0
            -68.16567,-16.48602,0
            -68.16571,-16.48584,0
            -68.16573,-16.4858,0
            -68.16573,-16.48579,0
            -68.16576,-16.48576,0
            -68.1658,-16.48574,0
            -68.16581,-16.48573,0
            -68.16586,-16.48571,0
            -68.16591,-16.48571,0
            -68.16592,-16.4857,0
            -68.16597,-16.48572,0
            -68.166,-16.48572,0
            -68.16612,-16.48578,0
            -68.16612,-16.48579,0
            -68.16622,-16.48586,0
            -68.16625,-16.48587,0
            -68.16672,-16.48611,0
            -68.16822,-16.48701,0
            -68.16831,-16.48709,0
            -68.1684,-16.48719,0
            -68.16853,-16.48731,0
            -68.16864,-16.48736,0
            -68.16869,-16.48735,0
            -68.16874,-16.48735,0
            -68.16883,-16.4873,0
            -68.16887,-16.48726,0
            -68.16892,-16.48719,0
            -68.16893,-16.48715,0
            -68.16893,-16.48702,0
            -68.16889,-16.48693,0
            -68.16881,-16.48685,0
            -68.16864,-16.48677,0
            -68.16858,-16.48675,0
            -68.16836,-16.48658,0
            -68.16825,-16.48644,0
            -68.1682,-16.48635,0
            -68.16813,-16.48617,0
            -68.16807,-16.48591,0
            -68.16802,-16.48524,0
            -68.16797,-16.485,0
            -68.16793,-16.4849,0
            -68.16792,-16.48485,0
            -68.16789,-16.4848,0
            -68.16787,-16.48474,0
            -68.16787,-16.48473,0
            -68.16785,-16.48469,0
            -68.16784,-16.48462,0
            -68.16784,-16.48455,0
            -68.16787,-16.48448,0
            -68.1679,-16.48443,0
            -68.16794,-16.4844,0
            -68.168,-16.48438,0
            -68.16801,-16.48437,0
            -68.16809,-16.48435,0
            -68.16818,-16.48435,0
            -68.16818,-16.48436,0
            -68.16819,-16.48436,0
            -68.16822,-16.48437,0
            -68.1683,-16.48445,0
            -68.16832,-16.48449,0
            -68.16833,-16.4845,0
            -68.16835,-16.4846,0
            -68.16835,-16.48466,0
            -68.16836,-16.48467,0
            -68.16834,-16.48502,0
            -68.16833,-16.48508,0
            -68.16834,-16.48518,0
            -68.16835,-16.4852,0
            -68.16835,-16.48525,0
            -68.16838,-16.48538,0
            -68.16842,-16.4855,0
            -68.16848,-16.4856,0
            -68.16855,-16.48569,0
            -68.16855,-16.4857,0
            -68.16857,-16.48571,0
            -68.16863,-16.48578,0
            -68.1687,-16.48584,0
            -68.16893,-16.48599,0
            -68.16899,-16.48602,0
            -68.16923,-16.48617,0
            -68.16991,-16.48653,0
            -68.16998,-16.48658,0
            -68.17034,-16.48676,0
            -68.17039,-16.4868,0
            -68.17047,-16.48689,0
            -68.17047,-16.4869,0
            -68.17051,-16.48699,0
            -68.17053,-16.48706,0
            -68.17053,-16.48721,0
            -68.17049,-16.48746,0
            -68.17048,-16.48772,0
            -68.17049,-16.48778,0
            -68.17051,-16.48783,0
            -68.17063,-16.48802,0
            -68.17083,-16.48819,0
          </coordinates>
        </LineString>
      </Placemark>
      <Placemark>
        <name>3 320, La Paz, Bolivia</name>
        <styleUrl>#icon-1899-DB4436-nodesc</styleUrl>
        <Point>
          <coordinates>
            -68.087731,-16.4464912,0
          </coordinates>
        </Point>
      </Placemark>
      <Placemark>
        <name>FINAL KOLLASUYO 220, La Paz, Bolivia</name>
        <styleUrl>#icon-1899-DB4436-nodesc</styleUrl>
        <Point>
          <coordinates>
            -68.1708275,-16.4881942,0
          </coordinates>
        </Point>
      </Placemark>
    </Folder>
    <Folder>
      <name>Minibus 820 - Calle Jaén devuelta</name>
    </Folder>
    <Folder>
      <name>minibus 349 - plaza murillo vuelta</name>
      <Placemark>
        <name>minibus 349 - plaza murillo vuelta</name>
        <styleUrl>#line-1267FF-5000-nodesc</styleUrl>
        <LineString>
          <tessellate>1</tessellate>
          <coordinates>
            -68.15805,-16.49899,0
            -68.15811,-16.49887,0
            -68.15829,-16.49851,0
            -68.15833,-16.49842,0
            -68.15836,-16.49837,0
            -68.15841,-16.49826,0
            -68.15847,-16.49814,0
            -68.15857,-16.49793,0
            -68.15866,-16.49776,0
            -68.15871,-16.49766,0
            -68.15879,-16.49749,0
            -68.1588,-16.49749,0
            -68.15889,-16.49733,0
            -68.15893,-16.49725,0
            -68.15898,-16.49717,0
            -68.159,-16.49714,0
            -68.15908,-16.49702,0
            -68.15912,-16.49697,0
            -68.15919,-16.49687,0
            -68.15929,-16.49672,0
            -68.15939,-16.49657,0
            -68.1594,-16.49655,0
            -68.15944,-16.49649,0
            -68.1595,-16.49642,0
            -68.1595,-16.49641,0
            -68.15958,-16.49631,0
            -68.15961,-16.49627,0
            -68.15967,-16.49617,0
            -68.15973,-16.49606,0
            -68.15979,-16.49595,0
            -68.15981,-16.4959,0
            -68.15982,-16.49584,0
            -68.15984,-16.49574,0
            -68.15984,-16.49571,0
            -68.15984,-16.4956,0
            -68.15984,-16.49553,0
            -68.15983,-16.49541,0
            -68.15982,-16.49535,0
            -68.15981,-16.49528,0
            -68.15978,-16.4952,0
            -68.15977,-16.49517,0
            -68.15975,-16.49512,0
            -68.15972,-16.49505,0
            -68.15969,-16.49501,0
            -68.15968,-16.49498,0
            -68.15964,-16.49491,0
            -68.1596,-16.49485,0
            -68.15959,-16.49484,0
            -68.15954,-16.49478,0
            -68.15948,-16.49471,0
            -68.15943,-16.49466,0
            -68.15934,-16.4946,0
            -68.15933,-16.49459,0
            -68.15919,-16.49449,0
            -68.15903,-16.4944,0
            -68.15897,-16.49452,0
            -68.15891,-16.49465,0
            -68.15888,-16.49473,0
            -68.15885,-16.4948,0
            -68.15875,-16.49507,0
            -68.15873,-16.49514,0
            -68.1587,-16.49521,0
            -68.15866,-16.4953,0
            -68.15866,-16.49531,0
            -68.1586,-16.49542,0
            -68.15857,-16.49546,0
            -68.15854,-16.49553,0
            -68.15847,-16.49561,0
            -68.1584,-16.4957,0
            -68.15839,-16.49571,0
            -68.15829,-16.49583,0
            -68.15814,-16.49598,0
            -68.15801,-16.49611,0
            -68.15787,-16.49621,0
            -68.15771,-16.49629,0
            -68.15766,-16.49632,0
            -68.15755,-16.49638,0
            -68.15738,-16.49646,0
            -68.15722,-16.49654,0
            -68.15705,-16.49662,0
            -68.15688,-16.4967,0
            -68.15676,-16.49665,0
            -68.15629,-16.49645,0
            -68.15592,-16.49631,0
            -68.15589,-16.4963,0
            -68.15534,-16.49607,0
            -68.15523,-16.49603,0
            -68.15512,-16.49599,0
            -68.15427,-16.49568,0
            -68.1538,-16.49549,0
            -68.15362,-16.49548,0
            -68.15346,-16.49547,0
            -68.15309,-16.49552,0
            -68.15305,-16.49553,0
            -68.15234,-16.49558,0
            -68.15194,-16.49558,0
            -68.15184,-16.49559,0
            -68.15165,-16.4956,0
            -68.15161,-16.49539,0
            -68.15154,-16.49532,0
            -68.15144,-16.49524,0
            -68.15134,-16.49518,0
            -68.15132,-16.49516,0
            -68.15125,-16.49512,0
            -68.15118,-16.49509,0
            -68.1511,-16.49486,0
            -68.15098,-16.49452,0
            -68.15092,-16.49435,0
            -68.15088,-16.49419,0
            -68.15083,-16.49401,0
            -68.15078,-16.49384,0
            -68.15069,-16.49349,0
            -68.15067,-16.49336,0
            -68.15065,-16.49329,0
            -68.15064,-16.49328,0
            -68.15063,-16.49328,0
            -68.15063,-16.49327,0
            -68.15062,-16.49327,0
            -68.15062,-16.49326,0
            -68.15062,-16.49325,0
            -68.15051,-16.49323,0
            -68.1504,-16.49319,0
            -68.15019,-16.4931,0
            -68.15008,-16.49307,0
            -68.15,-16.49306,0
            -68.14994,-16.49306,0
            -68.14985,-16.49308,0
            -68.14983,-16.49309,0
            -68.14973,-16.49312,0
            -68.14967,-16.49314,0
            -68.14965,-16.49315,0
            -68.14954,-16.49318,0
            -68.14937,-16.49325,0
            -68.1492,-16.49331,0
            -68.14909,-16.49335,0
            -68.14885,-16.49344,0
            -68.14882,-16.49345,0
            -68.14867,-16.49349,0
            -68.14857,-16.49352,0
            -68.14856,-16.49353,0
            -68.14855,-16.49353,0
            -68.14854,-16.49354,0
            -68.14853,-16.49354,0
            -68.14852,-16.49354,0
            -68.14851,-16.49354,0
            -68.1485,-16.49354,0
            -68.14849,-16.49354,0
            -68.14848,-16.49354,0
            -68.14847,-16.49354,0
            -68.14847,-16.49353,0
            -68.14846,-16.49353,0
            -68.14845,-16.49353,0
            -68.14844,-16.49352,0
            -68.14843,-16.49352,0
            -68.14843,-16.49351,0
            -68.14826,-16.4935,0
            -68.14805,-16.49347,0
            -68.14802,-16.49347,0
            -68.1479,-16.4934,0
            -68.14765,-16.49335,0
            -68.14735,-16.49329,0
            -68.1473,-16.49328,0
            -68.14716,-16.49325,0
            -68.14682,-16.49317,0
            -68.14664,-16.49311,0
            -68.14659,-16.49309,0
            -68.14637,-16.49303,0
            -68.14614,-16.49297,0
            -68.14594,-16.49292,0
            -68.14583,-16.49289,0
            -68.14567,-16.49288,0
            -68.1456,-16.49288,0
            -68.14551,-16.49289,0
            -68.14546,-16.49291,0
            -68.14538,-16.49293,0
            -68.14528,-16.49298,0
            -68.14506,-16.4931,0
            -68.14491,-16.49318,0
            -68.1449,-16.49319,0
            -68.14488,-16.4932,0
            -68.14483,-16.49323,0
            -68.14475,-16.49328,0
            -68.14465,-16.49334,0
            -68.1446,-16.49338,0
            -68.14456,-16.49339,0
            -68.1445,-16.4934,0
            -68.14444,-16.4934,0
            -68.14443,-16.49341,0
            -68.14423,-16.4934,0
            -68.14393,-16.49339,0
            -68.14367,-16.49338,0
            -68.1435,-16.49334,0
            -68.14324,-16.49328,0
            -68.14311,-16.49328,0
            -68.14296,-16.4933,0
            -68.14257,-16.49336,0
            -68.14249,-16.49337,0
            -68.14191,-16.49359,0
            -68.14138,-16.49377,0
            -68.1412,-16.49383,0
            -68.14103,-16.49388,0
            -68.14096,-16.49391,0
            -68.14095,-16.49392,0
            -68.14095,-16.49393,0
            -68.14095,-16.49394,0
            -68.14094,-16.49396,0
            -68.14094,-16.49397,0
            -68.14093,-16.49398,0
            -68.14092,-16.49399,0
            -68.14091,-16.494,0
            -68.14091,-16.49401,0
            -68.1409,-16.49402,0
            -68.14089,-16.49403,0
            -68.14087,-16.49403,0
            -68.14086,-16.49404,0
            -68.14085,-16.49405,0
            -68.14084,-16.49405,0
            -68.14082,-16.49406,0
            -68.14081,-16.49406,0
            -68.14079,-16.49406,0
            -68.14078,-16.49406,0
            -68.14077,-16.49406,0
            -68.14075,-16.49406,0
            -68.14074,-16.49406,0
            -68.14072,-16.49406,0
            -68.14071,-16.49405,0
            -68.1407,-16.49405,0
            -68.14068,-16.49404,0
            -68.14067,-16.49403,0
            -68.14066,-16.49403,0
            -68.14065,-16.49402,0
            -68.14064,-16.49401,0
            -68.14063,-16.494,0
            -68.14062,-16.49398,0
            -68.14061,-16.49397,0
            -68.1406,-16.49396,0
            -68.1406,-16.49395,0
            -68.14059,-16.49393,0
            -68.14059,-16.49392,0
            -68.14059,-16.49391,0
            -68.14059,-16.49389,0
            -68.14059,-16.49388,0
            -68.14059,-16.49387,0
            -68.14059,-16.49385,0
            -68.1406,-16.49384,0
            -68.1406,-16.49383,0
            -68.14061,-16.49381,0
            -68.14061,-16.4938,0
            -68.14054,-16.4938,0
            -68.14032,-16.4938,0
            -68.14016,-16.49379,0
            -68.13968,-16.49385,0
            -68.13902,-16.49462,0
            -68.13899,-16.49464,0
            -68.13878,-16.49494,0
            -68.13867,-16.49509,0
            -68.13861,-16.49518,0
            -68.13858,-16.49524,0
            -68.13849,-16.4954,0
            -68.13832,-16.49569,0
            -68.13825,-16.49586,0
            -68.13818,-16.49602,0
            -68.1381,-16.49619,0
            -68.13804,-16.49634,0
            -68.13774,-16.49694,0
            -68.13773,-16.49695,0
            -68.13746,-16.4973,0
            -68.13743,-16.49735,0
            -68.13727,-16.49759,0
            -68.13726,-16.49761,0
            -68.13702,-16.4981,0
            -68.1369,-16.49831,0
            -68.13688,-16.49835,0
            -68.13663,-16.49877,0
            -68.13661,-16.49881,0
            -68.13634,-16.49928,0
            -68.13625,-16.49944,0
            -68.13616,-16.49958,0
            -68.13616,-16.49959,0
            -68.13614,-16.49958,0
            -68.13594,-16.49944,0
            -68.13579,-16.49933,0
            -68.13564,-16.49922,0
            -68.13549,-16.49911,0
            -68.13534,-16.49901,0
            -68.13519,-16.4989,0
            -68.13506,-16.49878,0
            -68.135,-16.49869,0
            -68.13497,-16.49863,0
            -68.13492,-16.49855,0
            -68.13415,-16.49894,0
            -68.13356,-16.49922,0
            -68.13339,-16.4993,0
            -68.13299,-16.4995,0
            -68.13282,-16.49958,0
            -68.13259,-16.49969,0
            -68.13215,-16.4999,0
            -68.13198,-16.49998,0
            -68.13181,-16.50006,0
            -68.13178,-16.50007,0
            -68.13123,-16.50032,0
            -68.13097,-16.50044,0
            -68.13094,-16.50046,0
            -68.13077,-16.50055,0
            -68.13059,-16.50066,0
            -68.13051,-16.50069,0
            -68.13048,-16.5007,0
            -68.13044,-16.50071,0
            -68.13036,-16.50072,0
            -68.1303,-16.50072,0
            -68.13028,-16.50072,0
            -68.13022,-16.50071,0
            -68.13016,-16.5007,0
            -68.13009,-16.50067,0
            -68.12985,-16.50056,0
            -68.12945,-16.50035,0
            -68.12934,-16.5003,0
            -68.12926,-16.50027,0
            -68.12885,-16.5002,0
            -68.12872,-16.50019,0
            -68.12861,-16.50018,0
            -68.1285,-16.50019,0
            -68.12845,-16.50019,0
            -68.12843,-16.50019,0
            -68.1284,-16.5002,0
            -68.12829,-16.50022,0
            -68.12824,-16.50024,0
            -68.12814,-16.50028,0
            -68.12807,-16.50031,0
            -68.12793,-16.50037,0
            -68.1279,-16.50038,0
            -68.12773,-16.50045,0
            -68.12755,-16.50052,0
            -68.12754,-16.50053,0
            -68.12738,-16.50058,0
            -68.1272,-16.50063,0
            -68.12715,-16.50065,0
            -68.12707,-16.50067,0
            -68.12699,-16.50068,0
            -68.12691,-16.50069,0
            -68.12684,-16.50068,0
            -68.12683,-16.50068,0
            -68.12675,-16.50066,0
            -68.12667,-16.50064,0
            -68.12665,-16.50063,0
            -68.12657,-16.50061,0
            -68.12646,-16.50056,0
            -68.12596,-16.50032,0
            -68.12548,-16.50006,0
            -68.12546,-16.50005,0
            -68.12539,-16.50002,0
            -68.1248,-16.49976,0
            -68.1247,-16.49976,0
            -68.12457,-16.49975,0
            -68.12446,-16.49975,0
            -68.12436,-16.49976,0
            -68.12432,-16.49977,0
            -68.12418,-16.4998,0
            -68.12408,-16.49983,0
            -68.12395,-16.49986,0
            -68.1238,-16.49988,0
            -68.12368,-16.49991,0
            -68.1236,-16.49994,0
            -68.12359,-16.49995,0
            -68.12354,-16.49997,0
            -68.1235,-16.49999,0
            -68.12344,-16.50004,0
            -68.12343,-16.50004,0
            -68.12342,-16.50005,0
            -68.1234,-16.50007,0
            -68.12336,-16.50012,0
            -68.12327,-16.50027,0
            -68.12321,-16.50035,0
            -68.12313,-16.50042,0
            -68.12312,-16.50042,0
            -68.12307,-16.50046,0
            -68.12304,-16.50047,0
            -68.12299,-16.50049,0
            -68.12291,-16.50052,0
            -68.12284,-16.50054,0
            -68.12276,-16.50055,0
            -68.12266,-16.50055,0
            -68.12256,-16.50054,0
            -68.12254,-16.50054,0
            -68.12246,-16.50052,0
            -68.12238,-16.50049,0
            -68.12229,-16.50045,0
            -68.12219,-16.5004,0
            -68.12206,-16.50031,0
            -68.12201,-16.50025,0
            -68.12198,-16.50021,0
            -68.12197,-16.50017,0
            -68.12195,-16.50014,0
            -68.12193,-16.50009,0
            -68.12192,-16.50005,0
            -68.12191,-16.5,0
            -68.1219,-16.49993,0
            -68.1219,-16.49984,0
            -68.12193,-16.49947,0
            -68.12194,-16.4992,0
            -68.12195,-16.49907,0
            -68.12195,-16.49899,0
            -68.12197,-16.49892,0
            -68.12199,-16.49886,0
            -68.12202,-16.49879,0
            -68.12207,-16.49871,0
            -68.12213,-16.49864,0
            -68.12221,-16.49858,0
            -68.12227,-16.49853,0
            -68.12234,-16.4985,0
            -68.12242,-16.49847,0
            -68.1225,-16.49845,0
            -68.12258,-16.49844,0
            -68.12265,-16.49844,0
            -68.12271,-16.49844,0
            -68.12278,-16.49844,0
            -68.12283,-16.49845,0
            -68.12291,-16.49846,0
            -68.12302,-16.49849,0
            -68.12307,-16.49852,0
            -68.12313,-16.49848,0
            -68.12314,-16.49847,0
            -68.12318,-16.49845,0
            -68.12323,-16.49843,0
            -68.12329,-16.49841,0
            -68.12345,-16.49837,0
            -68.12356,-16.49834,0
            -68.12368,-16.49829,0
            -68.12378,-16.49824,0
            -68.12385,-16.49822,0
            -68.12395,-16.49816,0
            -68.124,-16.49814,0
            -68.12412,-16.49807,0
            -68.12427,-16.49798,0
            -68.12429,-16.49715,0
            -68.12427,-16.49715,0
            -68.12426,-16.49714,0
            -68.12424,-16.49714,0
            -68.12422,-16.49713,0
            -68.1242,-16.49713,0
            -68.12419,-16.49712,0
            -68.12417,-16.49711,0
            -68.12415,-16.49709,0
            -68.12413,-16.49707,0
            -68.12413,-16.49705,0
            -68.12412,-16.49704,0
            -68.12411,-16.49703,0
            -68.12411,-16.49701,0
            -68.12411,-16.497,0
            -68.12411,-16.49698,0
            -68.12411,-16.49697,0
            -68.12411,-16.49695,0
            -68.12411,-16.49694,0
            -68.12411,-16.49692,0
            -68.12412,-16.49691,0
            -68.12412,-16.4969,0
            -68.12413,-16.49688,0
            -68.12414,-16.49687,0
            -68.12369,-16.49645,0
            -68.12308,-16.4959,0
            -68.12268,-16.49554,0
            -68.12246,-16.49535,0
            -68.12229,-16.49519,0
            -68.12207,-16.49499,0
            -68.12171,-16.49465,0
            -68.12162,-16.49465,0
            -68.12161,-16.49465,0
            -68.12155,-16.49464,0
            -68.12151,-16.49463,0
            -68.12148,-16.49461,0
            -68.12146,-16.4946,0
            -68.12144,-16.49459,0
            -68.12142,-16.49457,0
            -68.12141,-16.49458,0
            -68.1214,-16.49458,0
            -68.12139,-16.49459,0
            -68.12138,-16.49459,0
            -68.12137,-16.4946,0
            -68.12136,-16.4946,0
            -68.12135,-16.4946,0
            -68.12134,-16.4946,0
            -68.12134,-16.49461,0
            -68.12133,-16.49461,0
            -68.12132,-16.49461,0
            -68.12131,-16.49461,0
            -68.1213,-16.49461,0
            -68.1213,-16.4946,0
            -68.12129,-16.4946,0
            -68.12128,-16.4946,0
            -68.12127,-16.4946,0
            -68.12126,-16.49459,0
            -68.12125,-16.49459,0
            -68.12124,-16.49458,0
            -68.12123,-16.49458,0
            -68.12123,-16.49457,0
            -68.12122,-16.49457,0
            -68.12122,-16.49456,0
            -68.12121,-16.49456,0
            -68.12121,-16.49455,0
            -68.1212,-16.49455,0
            -68.1212,-16.49454,0
            -68.1212,-16.49453,0
            -68.12119,-16.49453,0
            -68.12119,-16.49452,0
            -68.12118,-16.49451,0
            -68.12118,-16.4945,0
            -68.12118,-16.49449,0
            -68.12117,-16.49448,0
            -68.12117,-16.49447,0
            -68.12117,-16.49446,0
            -68.12117,-16.49445,0
            -68.12118,-16.49444,0
            -68.12118,-16.49443,0
            -68.12118,-16.49442,0
            -68.12119,-16.49441,0
            -68.12119,-16.4944,0
            -68.1212,-16.49439,0
            -68.12122,-16.49437,0
            -68.12124,-16.49435,0
            -68.12126,-16.49434,0
            -68.12127,-16.49428,0
            -68.12134,-16.49314,0
            -68.12135,-16.49275,0
            -68.12143,-16.49097,0
            -68.12144,-16.49057,0
            -68.12145,-16.49039,0
            -68.12146,-16.49021,0
            -68.12146,-16.49003,0
            -68.12147,-16.48985,0
            -68.12149,-16.48949,0
            -68.12151,-16.48909,0
            -68.12155,-16.48831,0
            -68.12161,-16.4873,0
            -68.1217,-16.48508,0
            -68.12106,-16.48507,0
            -68.12106,-16.48498,0
            -68.12107,-16.4848,0
            -68.12108,-16.48462,0
            -68.12111,-16.4839,0
            -68.12111,-16.48384,0
            -68.12113,-16.48373,0
            -68.12115,-16.48365,0
            -68.12117,-16.48359,0
            -68.1212,-16.48353,0
            -68.12128,-16.48344,0
            -68.12135,-16.48338,0
            -68.12143,-16.48332,0
            -68.12147,-16.48331,0
            -68.12153,-16.48328,0
            -68.12159,-16.48326,0
            -68.12166,-16.48324,0
            -68.12177,-16.48322,0
            -68.12179,-16.48316,0
            -68.1218,-16.48314,0
            -68.12181,-16.48313,0
            -68.12181,-16.48311,0
            -68.12182,-16.48307,0
            -68.12182,-16.48305,0
            -68.12183,-16.48287,0
            -68.12188,-16.48234,0
            -68.12188,-16.48231,0
            -68.12189,-16.48221,0
            -68.12187,-16.48214,0
            -68.12185,-16.48208,0
            -68.1218,-16.48195,0
            -68.12175,-16.4818,0
            -68.12169,-16.48163,0
            -68.12163,-16.48146,0
            -68.12158,-16.48131,0
            -68.12157,-16.48129,0
            -68.12143,-16.48091,0
            -68.12111,-16.47998,0
            -68.12105,-16.47985,0
            -68.12097,-16.47971,0
            -68.12069,-16.47925,0
            -68.12041,-16.47878,0
            -68.12036,-16.47869,0
            -68.12029,-16.47859,0
            -68.12027,-16.47855,0
            -68.12025,-16.47852,0
            -68.11953,-16.47732,0
            -68.11951,-16.47728,0
            -68.11924,-16.47683,0
            -68.11899,-16.47641,0
            -68.11889,-16.47625,0
            -68.1188,-16.4761,0
            -68.1187,-16.47594,0
            -68.11861,-16.47579,0
            -68.11852,-16.47563,0
            -68.11851,-16.47562,0
            -68.11822,-16.47512,0
            -68.11819,-16.47513,0
            -68.11816,-16.47513,0
            -68.11814,-16.47514,0
            -68.11811,-16.47514,0
            -68.11809,-16.47513,0
            -68.11806,-16.47513,0
            -68.11804,-16.47512,0
            -68.11801,-16.47511,0
            -68.118,-16.47511,0
            -68.11798,-16.4751,0
            -68.11797,-16.47509,0
            -68.11796,-16.47508,0
            -68.11795,-16.47507,0
            -68.11794,-16.47506,0
            -68.11793,-16.47505,0
            -68.11792,-16.47503,0
            -68.1179,-16.475,0
            -68.11789,-16.47498,0
            -68.11788,-16.47495,0
            -68.11788,-16.47493,0
            -68.11787,-16.4749,0
            -68.11788,-16.47488,0
            -68.11788,-16.47486,0
            -68.11789,-16.47483,0
            -68.11789,-16.47482,0
            -68.1179,-16.47481,0
            -68.1179,-16.47479,0
            -68.11791,-16.47478,0
            -68.11792,-16.47477,0
            -68.11793,-16.47476,0
            -68.11794,-16.47475,0
            -68.11795,-16.47474,0
            -68.11749,-16.47394,0
            -68.11747,-16.47392,0
            -68.11731,-16.47368,0
            -68.11699,-16.47323,0
            -68.11656,-16.47261,0
            -68.11647,-16.47247,0
            -68.11632,-16.47223,0
            -68.11629,-16.47219,0
            -68.11625,-16.47209,0
            -68.1162,-16.47194,0
            -68.1162,-16.47192,0
            -68.11617,-16.47177,0
            -68.11617,-16.47174,0
            -68.11614,-16.47157,0
            -68.11614,-16.47156,0
            -68.11611,-16.47139,0
            -68.1161,-16.47134,0
            -68.11608,-16.47121,0
            -68.11606,-16.47102,0
            -68.11605,-16.47085,0
            -68.11604,-16.47051,0
            -68.11604,-16.47035,0
            -68.11601,-16.46997,0
            -68.116,-16.46978,0
            -68.116,-16.46976,0
            -68.116,-16.46973,0
            -68.11601,-16.46969,0
            -68.11601,-16.46967,0
            -68.11608,-16.46949,0
            -68.11622,-16.46915,0
            -68.11627,-16.469,0
            -68.11628,-16.46897,0
            -68.11629,-16.4689,0
            -68.1163,-16.46884,0
            -68.11631,-16.46882,0
            -68.11631,-16.4688,0
            -68.1163,-16.46877,0
            -68.11629,-16.46874,0
            -68.11626,-16.46868,0
            -68.1162,-16.4686,0
            -68.11615,-16.46854,0
            -68.11612,-16.46852,0
            -68.11609,-16.4685,0
            -68.11607,-16.46848,0
            -68.11593,-16.46842,0
            -68.1158,-16.46837,0
            -68.1158,-16.46838,0
            -68.11576,-16.46838,0
            -68.11573,-16.46839,0
            -68.11569,-16.46841,0
            -68.11566,-16.46843,0
            -68.11563,-16.46843,0
            -68.11546,-16.46849,0
            -68.11533,-16.46864,0
            -68.11529,-16.46868,0
            -68.11526,-16.4687,0
            -68.11519,-16.46875,0
            -68.1149,-16.46884,0
            -68.11478,-16.46882,0
            -68.11467,-16.46876,0
            -68.11461,-16.46871,0
            -68.11456,-16.46867,0
            -68.11449,-16.46859,0
            -68.1144,-16.4685,0
            -68.1143,-16.4684,0
            -68.11419,-16.46828,0
            -68.11407,-16.46816,0
            -68.11402,-16.46812,0
            -68.1138,-16.46794,0
            -68.1137,-16.46787,0
            -68.1136,-16.46782,0
            -68.1134,-16.46774,0
            -68.11306,-16.46762,0
            -68.11275,-16.46751,0
            -68.11266,-16.46747,0
            -68.11256,-16.46743,0
            -68.1124,-16.46734,0
            -68.11223,-16.46722,0
            -68.1122,-16.4672,0
            -68.11205,-16.46712,0
            -68.11188,-16.46701,0
            -68.11165,-16.46684,0
            -68.11155,-16.46676,0
            -68.11149,-16.4667,0
            -68.11136,-16.46656,0
            -68.11121,-16.46641,0
            -68.11085,-16.46605,0
            -68.11079,-16.46597,0
            -68.11067,-16.46583,0
            -68.11065,-16.46577,0
            -68.11062,-16.4657,0
            -68.1106,-16.46564,0
            -68.11058,-16.46555,0
            -68.11049,-16.46518,0
            -68.11059,-16.46523,0
          </coordinates>
        </LineString>
      </Placemark>
      <Placemark>
        <name>GR2R+CQW, C. Mariano Colodro, La Paz, Bolivia</name>
        <styleUrl>#icon-1899-DB4436-nodesc</styleUrl>
        <Point>
          <coordinates>
            -68.158053,-16.4989935,0
          </coordinates>
        </Point>
      </Placemark>
      <Placemark>
        <name>C. Libertad 174, La Paz, Bolivia</name>
        <styleUrl>#icon-1899-DB4436-nodesc</styleUrl>
        <Point>
          <coordinates>
            -68.1105922,-16.4652338,0
          </coordinates>
        </Point>
      </Placemark>
    </Folder>
    <Folder>
      <name>minibus 240 - san francisco ida </name>
      <Placemark>
        <name>minibus 240 - san francisco ida </name>
        <styleUrl>#line-1267FF-5000-nodesc</styleUrl>
        <LineString>
          <tessellate>1</tessellate>
          <coordinates>
            -68.12764,-16.4789,0
            -68.12766,-16.47895,0
            -68.12779,-16.47944,0
            -68.1278,-16.47946,0
            -68.1278,-16.47947,0
            -68.12781,-16.47951,0
            -68.12784,-16.47974,0
            -68.12784,-16.47978,0
            -68.12781,-16.47986,0
            -68.1278,-16.47987,0
            -68.12778,-16.47991,0
            -68.12758,-16.48002,0
            -68.12756,-16.48002,0
            -68.12722,-16.48016,0
            -68.1272,-16.48016,0
            -68.12711,-16.48019,0
            -68.12702,-16.48019,0
            -68.12696,-16.48017,0
            -68.12695,-16.48017,0
            -68.12681,-16.48011,0
            -68.12646,-16.47951,0
            -68.12641,-16.47944,0
            -68.12639,-16.4794,0
            -68.12607,-16.4789,0
            -68.12597,-16.47871,0
            -68.12595,-16.47864,0
            -68.12595,-16.47853,0
            -68.12598,-16.47844,0
            -68.12601,-16.4783,0
            -68.12601,-16.47819,0
            -68.12594,-16.47794,0
            -68.12585,-16.47771,0
            -68.12585,-16.4777,0
            -68.12582,-16.4776,0
            -68.12578,-16.47736,0
            -68.12576,-16.47731,0
            -68.12574,-16.4773,0
            -68.12571,-16.47727,0
            -68.12564,-16.47724,0
            -68.12558,-16.47724,0
            -68.12554,-16.47726,0
            -68.12551,-16.47727,0
            -68.1255,-16.47728,0
            -68.12518,-16.47746,0
            -68.12509,-16.47746,0
            -68.12507,-16.47745,0
            -68.12504,-16.47741,0
            -68.12502,-16.47739,0
            -68.125,-16.47734,0
            -68.125,-16.47727,0
            -68.12502,-16.47712,0
            -68.12504,-16.47705,0
            -68.12506,-16.47701,0
            -68.12518,-16.47685,0
            -68.12535,-16.47667,0
            -68.12537,-16.47662,0
            -68.12538,-16.47662,0
            -68.12541,-16.47655,0
            -68.12543,-16.47652,0
            -68.12554,-16.47628,0
            -68.12558,-16.47613,0
            -68.12558,-16.476,0
            -68.12556,-16.47595,0
            -68.12549,-16.47587,0
            -68.12544,-16.4758,0
            -68.12535,-16.47571,0
            -68.1253,-16.47568,0
            -68.12524,-16.47566,0
            -68.12511,-16.47566,0
            -68.12507,-16.47568,0
            -68.12504,-16.47569,0
            -68.12499,-16.47574,0
            -68.12472,-16.47606,0
            -68.12443,-16.47635,0
            -68.12435,-16.47641,0
            -68.12432,-16.47644,0
            -68.12416,-16.47654,0
            -68.12415,-16.47654,0
            -68.12374,-16.47676,0
            -68.1231,-16.47703,0
            -68.12304,-16.47708,0
            -68.12303,-16.47708,0
            -68.12303,-16.47709,0
            -68.12279,-16.47762,0
            -68.12184,-16.47693,0
            -68.12148,-16.47665,0
            -68.1214,-16.47656,0
            -68.12092,-16.47685,0
            -68.1209,-16.47687,0
            -68.12067,-16.47651,0
            -68.12027,-16.47675,0
            -68.11957,-16.47725,0
            -68.11959,-16.47729,0
            -68.1196,-16.47729,0
            -68.12034,-16.47852,0
            -68.12035,-16.47853,0
            -68.12042,-16.47867,0
            -68.12102,-16.4797,0
            -68.12115,-16.47996,0
            -68.12194,-16.48212,0
            -68.12198,-16.48228,0
            -68.12198,-16.48255,0
            -68.12195,-16.4831,0
            -68.12196,-16.48313,0
            -68.12198,-16.48323,0
            -68.12215,-16.48329,0
            -68.12219,-16.48331,0
            -68.12226,-16.48333,0
            -68.12237,-16.48343,0
            -68.12244,-16.48351,0
            -68.12253,-16.4837,0
            -68.12255,-16.48376,0
            -68.12256,-16.48383,0
            -68.12256,-16.48389,0
            -68.12257,-16.48394,0
            -68.12257,-16.48406,0
            -68.1225,-16.48514,0
            -68.12186,-16.48509,0
            -68.12161,-16.48982,0
            -68.1216,-16.48985,0
            -68.1214,-16.49435,0
            -68.12141,-16.49435,0
            -68.12143,-16.49437,0
            -68.12144,-16.49437,0
            -68.12144,-16.49438,0
            -68.12146,-16.4944,0
            -68.12146,-16.49441,0
            -68.12147,-16.49442,0
            -68.12147,-16.49443,0
            -68.12148,-16.49444,0
            -68.12148,-16.49449,0
            -68.12147,-16.4945,0
            -68.12147,-16.49451,0
            -68.12146,-16.49452,0
            -68.12146,-16.49453,0
            -68.12141,-16.49458,0
            -68.1214,-16.49458,0
            -68.12139,-16.49459,0
            -68.12138,-16.49459,0
            -68.12137,-16.4946,0
            -68.12134,-16.4946,0
            -68.12134,-16.49461,0
            -68.1213,-16.49461,0
            -68.1213,-16.4946,0
            -68.12127,-16.4946,0
            -68.12126,-16.49459,0
            -68.12125,-16.49459,0
            -68.12124,-16.49458,0
            -68.12123,-16.49458,0
            -68.12123,-16.49457,0
            -68.12122,-16.49457,0
            -68.12122,-16.49456,0
            -68.12121,-16.49456,0
            -68.12121,-16.49455,0
            -68.1212,-16.49455,0
            -68.1212,-16.49453,0
            -68.1211,-16.49458,0
            -68.12107,-16.49461,0
            -68.12104,-16.49463,0
            -68.121,-16.49468,0
            -68.12075,-16.49509,0
            -68.12067,-16.4952,0
            -68.12048,-16.49551,0
            -68.1203,-16.49577,0
            -68.11931,-16.49736,0
            -68.11931,-16.49737,0
            -68.11926,-16.49741,0
            -68.11845,-16.49862,0
            -68.11842,-16.49865,0
            -68.11843,-16.49872,0
            -68.11928,-16.49877,0
            -68.11956,-16.49935,0
            -68.12013,-16.49937,0
            -68.12114,-16.49944,0
            -68.12193,-16.49947,0
            -68.12195,-16.49899,0
            -68.12199,-16.49886,0
            -68.12202,-16.49879,0
            -68.12207,-16.49871,0
            -68.12213,-16.49864,0
            -68.12227,-16.49853,0
            -68.12242,-16.49847,0
            -68.1225,-16.49845,0
            -68.12258,-16.49844,0
            -68.12278,-16.49844,0
            -68.12291,-16.49846,0
            -68.12302,-16.49849,0
            -68.12314,-16.49856,0
            -68.12322,-16.49864,0
            -68.12326,-16.49869,0
            -68.12334,-16.49884,0
            -68.12341,-16.49893,0
            -68.12343,-16.49894,0
            -68.12347,-16.49898,0
            -68.12355,-16.49902,0
            -68.12358,-16.49902,0
            -68.12368,-16.49905,0
            -68.12408,-16.4992,0
            -68.12414,-16.4992,0
            -68.12455,-16.49929,0
            -68.1246,-16.49931,0
            -68.12467,-16.49936,0
            -68.12469,-16.4994,0
            -68.1247,-16.49943,0
            -68.12466,-16.49953,0
            -68.12466,-16.4996,0
            -68.12467,-16.49963,0
            -68.1247,-16.49967,0
            -68.1248,-16.49976,0
            -68.12546,-16.50005,0
            -68.12596,-16.50032,0
            -68.12657,-16.50061,0
            -68.12665,-16.50063,0
            -68.12667,-16.50064,0
            -68.12683,-16.50068,0
            -68.12691,-16.50069,0
            -68.12707,-16.50067,0
            -68.12715,-16.50065,0
            -68.1272,-16.50063,0
            -68.12754,-16.50053,0
            -68.12755,-16.50052,0
            -68.12829,-16.50022,0
            -68.1284,-16.5002,0
            -68.12843,-16.50019,0
            -68.12861,-16.50018,0
            -68.12885,-16.5002,0
            -68.12926,-16.50027,0
            -68.12945,-16.50035,0
            -68.12985,-16.50056,0
            -68.13016,-16.5007,0
            -68.13028,-16.50072,0
            -68.13036,-16.50072,0
            -68.13044,-16.50071,0
            -68.13059,-16.50066,0
            -68.13097,-16.50044,0
            -68.13181,-16.50006,0
            -68.13492,-16.49855,0
            -68.13531,-16.49828,0
            -68.1354,-16.49823,0
            -68.13549,-16.49823,0
            -68.1356,-16.49807,0
            -68.13601,-16.49739,0
            -68.13658,-16.4963,0
            -68.1366,-16.49627,0
            -68.13661,-16.49623,0
            -68.1367,-16.49607,0
            -68.13673,-16.49599,0
            -68.13671,-16.49506,0
            -68.13674,-16.4947,0
            -68.13679,-16.49437,0
            -68.13681,-16.4943,0
            -68.13682,-16.49422,0
            -68.13689,-16.49393,0
            -68.13708,-16.49353,0
            -68.13712,-16.4934,0
            -68.13714,-16.49329,0
            -68.13714,-16.49325,0
            -68.13717,-16.49297,0
            -68.13723,-16.49282,0
            -68.13742,-16.49254,0
            -68.1377,-16.49224,0
            -68.13808,-16.49189,0
            -68.13848,-16.49157,0
            -68.1389,-16.49128,0
            -68.139,-16.49122,0
            -68.14204,-16.48995,0
            -68.14212,-16.48991,0
            -68.14215,-16.48991,0
            -68.14222,-16.48989,0
            -68.14253,-16.48976,0
            -68.14265,-16.4897,0
            -68.14319,-16.48935,0
            -68.14324,-16.48931,0
            -68.14328,-16.48926,0
            -68.14382,-16.48869,0
            -68.14452,-16.48785,0
            -68.14461,-16.4877,0
            -68.14475,-16.48741,0
            -68.14478,-16.48733,0
            -68.14478,-16.48727,0
            -68.14531,-16.48597,0
            -68.14543,-16.48574,0
            -68.14562,-16.48547,0
            -68.14585,-16.48523,0
            -68.14661,-16.48459,0
            -68.14667,-16.48453,0
            -68.14668,-16.48451,0
            -68.14672,-16.48447,0
            -68.14679,-16.48437,0
            -68.1468,-16.48436,0
            -68.1469,-16.48422,0
            -68.14696,-16.48412,0
            -68.14746,-16.48294,0
            -68.14753,-16.48281,0
            -68.14822,-16.48117,0
            -68.14833,-16.48094,0
            -68.14855,-16.48055,0
            -68.14866,-16.48042,0
            -68.14884,-16.48024,0
            -68.14902,-16.48009,0
            -68.14973,-16.4797,0
            -68.15001,-16.47951,0
            -68.15016,-16.47942,0
            -68.1504,-16.47923,0
            -68.15222,-16.4772,0
            -68.1525,-16.47683,0
            -68.1527,-16.47643,0
            -68.15279,-16.47618,0
            -68.15293,-16.47569,0
            -68.15294,-16.47549,0
            -68.15283,-16.47481,0
            -68.15235,-16.47305,0
            -68.15224,-16.47272,0
            -68.1522,-16.4725,0
            -68.15217,-16.4721,0
            -68.15216,-16.47013,0
            -68.15218,-16.4695,0
            -68.1523,-16.46826,0
            -68.15233,-16.46808,0
            -68.15233,-16.46802,0
            -68.1526,-16.46673,0
            -68.15261,-16.4666,0
            -68.1526,-16.46643,0
            -68.15257,-16.46631,0
            -68.15257,-16.46629,0
            -68.15246,-16.46602,0
            -68.15215,-16.4654,0
            -68.15169,-16.46421,0
            -68.15161,-16.46407,0
            -68.15146,-16.46386,0
            -68.15133,-16.46372,0
            -68.15128,-16.46368,0
            -68.15122,-16.46362,0
            -68.15096,-16.46347,0
            -68.15078,-16.46338,0
            -68.15038,-16.46323,0
            -68.15028,-16.46323,0
            -68.15008,-16.46317,0
            -68.14982,-16.46312,0
            -68.1489,-16.46289,0
            -68.14864,-16.46281,0
            -68.14817,-16.46261,0
            -68.1476,-16.46233,0
            -68.14758,-16.46231,0
            -68.14749,-16.46226,0
            -68.14733,-16.46213,0
            -68.14717,-16.46195,0
            -68.14709,-16.46182,0
            -68.147,-16.46165,0
            -68.14695,-16.46148,0
            -68.14694,-16.46146,0
            -68.1469,-16.46119,0
            -68.1469,-16.46106,0
            -68.14694,-16.46079,0
            -68.147,-16.46058,0
            -68.147,-16.46057,0
            -68.14707,-16.46042,0
            -68.14708,-16.46041,0
            -68.14717,-16.46028,0
            -68.14718,-16.46026,0
            -68.14728,-16.46016,0
            -68.14732,-16.46014,0
            -68.14735,-16.46011,0
            -68.14761,-16.45994,0
            -68.14763,-16.45994,0
            -68.14771,-16.4599,0
            -68.14779,-16.45987,0
            -68.1478,-16.45987,0
            -68.14785,-16.45985,0
            -68.1481,-16.4598,0
            -68.14821,-16.4598,0
            -68.14846,-16.45983,0
            -68.14872,-16.4599,0
            -68.14889,-16.45997,0
            -68.14903,-16.46004,0
            -68.14911,-16.46009,0
            -68.14918,-16.46015,0
            -68.1492,-16.46016,0
            -68.14939,-16.46033,0
            -68.14946,-16.46041,0
            -68.14946,-16.46042,0
            -68.15077,-16.46195,0
            -68.15093,-16.4621,0
            -68.15102,-16.46216,0
            -68.15141,-16.46235,0
            -68.15265,-16.46284,0
            -68.15275,-16.46289,0
            -68.15276,-16.46289,0
            -68.1529,-16.46297,0
            -68.15314,-16.46314,0
            -68.15326,-16.46325,0
            -68.15349,-16.46349,0
            -68.1536,-16.46363,0
            -68.15376,-16.46387,0
            -68.15401,-16.46438,0
            -68.15401,-16.46439,0
            -68.15404,-16.46444,0
            -68.15437,-16.46513,0
            -68.15447,-16.46529,0
            -68.15451,-16.46534,0
            -68.15464,-16.46554,0
            -68.15518,-16.4662,0
            -68.1554,-16.4665,0
            -68.15547,-16.46661,0
            -68.15554,-16.4667,0
            -68.15559,-16.4668,0
            -68.15559,-16.46681,0
            -68.15567,-16.46699,0
            -68.1558,-16.46738,0
            -68.15596,-16.46808,0
            -68.15598,-16.46811,0
            -68.15606,-16.46831,0
            -68.1561,-16.46845,0
            -68.15615,-16.46886,0
            -68.15617,-16.46895,0
            -68.15625,-16.46919,0
            -68.15636,-16.46945,0
            -68.15645,-16.46962,0
            -68.15666,-16.46987,0
            -68.15675,-16.46996,0
            -68.15676,-16.46996,0
            -68.15705,-16.47017,0
            -68.15722,-16.47026,0
            -68.15726,-16.47029,0
            -68.15739,-16.47034,0
            -68.15861,-16.4709,0
            -68.15935,-16.47128,0
            -68.15948,-16.47136,0
            -68.15968,-16.47151,0
            -68.1597,-16.47152,0
            -68.15982,-16.47163,0
            -68.15983,-16.47165,0
            -68.15989,-16.47171,0
            -68.16007,-16.47197,0
            -68.16017,-16.47215,0
            -68.16022,-16.47232,0
            -68.16024,-16.47262,0
            -68.16019,-16.47306,0
            -68.16009,-16.4735,0
            -68.16005,-16.47361,0
            -68.15991,-16.47391,0
            -68.15963,-16.4746,0
            -68.15952,-16.47498,0
            -68.15945,-16.47536,0
            -68.15948,-16.47591,0
            -68.15978,-16.47732,0
            -68.15992,-16.47779,0
            -68.15998,-16.47814,0
            -68.16006,-16.47896,0
            -68.16017,-16.47972,0
            -68.16027,-16.48074,0
            -68.16027,-16.48083,0
            -68.16049,-16.48174,0
            -68.1605,-16.48192,0
            -68.16047,-16.48209,0
            -68.16045,-16.48215,0
            -68.16042,-16.48229,0
            -68.16033,-16.48244,0
            -68.16011,-16.48269,0
            -68.16007,-16.48275,0
            -68.1599,-16.48307,0
            -68.1599,-16.48308,0
            -68.15959,-16.48366,0
            -68.15953,-16.48391,0
            -68.15948,-16.48449,0
            -68.15951,-16.48483,0
            -68.15967,-16.48522,0
            -68.15997,-16.48565,0
            -68.16042,-16.48603,0
            -68.16082,-16.48621,0
            -68.16135,-16.48633,0
            -68.16174,-16.48632,0
            -68.16256,-16.48625,0
            -68.16296,-16.48617,0
            -68.16304,-16.48613,0
            -68.16308,-16.48612,0
            -68.16536,-16.48591,0
            -68.16571,-16.48592,0
            -68.16597,-16.48596,0
            -68.16631,-16.48607,0
            -68.16686,-16.48637,0
            -68.16792,-16.48702,0
            -68.16803,-16.4871,0
            -68.1684,-16.48742,0
            -68.1686,-16.48763,0
            -68.1689,-16.488,0
            -68.169,-16.48815,0
            -68.169,-16.48816,0
            -68.16921,-16.48853,0
            -68.16931,-16.48878,0
            -68.16946,-16.48927,0
            -68.16951,-16.48947,0
            -68.16954,-16.48966,0
            -68.16956,-16.48996,0
            -68.16954,-16.49048,0
            -68.16944,-16.49105,0
            -68.16923,-16.49161,0
            -68.16895,-16.49215,0
            -68.16877,-16.49243,0
            -68.16757,-16.49403,0
            -68.16715,-16.49447,0
            -68.16675,-16.49481,0
            -68.16651,-16.49497,0
            -68.16583,-16.49537,0
            -68.16576,-16.4954,0
            -68.16548,-16.49558,0
            -68.16536,-16.49567,0
            -68.16532,-16.49569,0
            -68.16507,-16.4959,0
            -68.16467,-16.49628,0
            -68.16362,-16.49743,0
            -68.1634,-16.49773,0
            -68.1633,-16.49793,0
            -68.16328,-16.49796,0
            -68.16319,-16.49821,0
            -68.16317,-16.49831,0
            -68.16316,-16.49832,0
            -68.16312,-16.49853,0
            -68.16309,-16.49908,0
            -68.16301,-16.49977,0
            -68.16286,-16.50059,0
            -68.16277,-16.50099,0
            -68.16259,-16.50167,0
            -68.16255,-16.50194,0
            -68.16258,-16.50268,0
          </coordinates>
        </LineString>
      </Placemark>
      <Placemark>
        <name>GVCC+CW7, La Paz, Bolivia</name>
        <styleUrl>#icon-1899-DB4436-nodesc</styleUrl>
        <Point>
          <coordinates>
            -68.1276396,-16.478899,0
          </coordinates>
        </Point>
      </Placemark>
      <Placemark>
        <name>centro comercial El Ceibo (local A-17 La Paz, El Alto, Bolivia</name>
        <styleUrl>#icon-1899-DB4436-nodesc</styleUrl>
        <Point>
          <coordinates>
            -68.1625828,-16.5026835,0
          </coordinates>
        </Point>
      </Placemark>
    </Folder>
    <Folder>
      <name>minibus 240 - san francisco vuelta</name>
      <Placemark>
        <name>minibus 240 - san francisco vuelta</name>
        <styleUrl>#line-1267FF-5000-nodesc</styleUrl>
        <LineString>
          <tessellate>1</tessellate>
          <coordinates>
            -68.16229,-16.50242,0
            -68.1619,-16.50295,0
            -68.16187,-16.50298,0
            -68.16183,-16.50301,0
            -68.16182,-16.50301,0
            -68.16181,-16.50302,0
            -68.1617,-16.50302,0
            -68.16167,-16.50301,0
            -68.16164,-16.50299,0
            -68.16162,-16.50297,0
            -68.16158,-16.5029,0
            -68.16157,-16.50286,0
            -68.16157,-16.50283,0
            -68.16153,-16.50288,0
            -68.16133,-16.50318,0
            -68.16114,-16.50353,0
            -68.16109,-16.50367,0
            -68.16107,-16.50376,0
            -68.16107,-16.50384,0
            -68.16108,-16.50386,0
            -68.16108,-16.50403,0
            -68.16112,-16.5041,0
            -68.16116,-16.50415,0
            -68.16127,-16.50438,0
            -68.16133,-16.50459,0
            -68.1614,-16.50474,0
            -68.16173,-16.50451,0
            -68.16175,-16.50449,0
            -68.16182,-16.50447,0
            -68.16185,-16.50447,0
            -68.16186,-16.50448,0
            -68.16188,-16.50448,0
            -68.16189,-16.50449,0
            -68.16194,-16.50451,0
            -68.16201,-16.50456,0
            -68.16203,-16.50458,0
            -68.16245,-16.50536,0
            -68.16278,-16.50521,0
            -68.16287,-16.50514,0
            -68.16291,-16.50507,0
            -68.16292,-16.50504,0
            -68.16294,-16.505,0
            -68.16295,-16.50497,0
            -68.163,-16.50494,0
            -68.16261,-16.5038,0
            -68.16253,-16.50345,0
            -68.16251,-16.50332,0
            -68.16249,-16.50327,0
            -68.16244,-16.50253,0
            -68.16244,-16.50195,0
            -68.16246,-16.50171,0
            -68.16253,-16.50132,0
            -68.16298,-16.4993,0
            -68.16302,-16.49896,0
            -68.16304,-16.49859,0
            -68.16311,-16.49826,0
            -68.16318,-16.49805,0
            -68.16331,-16.49776,0
            -68.16338,-16.49765,0
            -68.1636,-16.49736,0
            -68.16397,-16.49695,0
            -68.16408,-16.49681,0
            -68.16457,-16.49626,0
            -68.1647,-16.49613,0
            -68.16474,-16.49608,0
            -68.16507,-16.49577,0
            -68.16539,-16.49553,0
            -68.16652,-16.49487,0
            -68.16692,-16.49454,0
            -68.16716,-16.49431,0
            -68.16743,-16.494,0
            -68.16864,-16.49238,0
            -68.16887,-16.49204,0
            -68.16923,-16.49129,0
            -68.16939,-16.49086,0
            -68.16943,-16.49059,0
            -68.16947,-16.49014,0
            -68.16947,-16.49002,0
            -68.16944,-16.48962,0
            -68.16942,-16.48948,0
            -68.16938,-16.4893,0
            -68.16937,-16.48928,0
            -68.16932,-16.48909,0
            -68.16913,-16.48858,0
            -68.16899,-16.48832,0
            -68.16897,-16.4883,0
            -68.16888,-16.48814,0
            -68.16878,-16.48799,0
            -68.16857,-16.48772,0
            -68.16841,-16.48754,0
            -68.16819,-16.48733,0
            -68.168,-16.48717,0
            -68.16769,-16.48696,0
            -68.1667,-16.48637,0
            -68.16626,-16.48614,0
            -68.16616,-16.48611,0
            -68.16609,-16.48608,0
            -68.16589,-16.48603,0
            -68.1657,-16.486,0
            -68.16558,-16.48602,0
            -68.16536,-16.48604,0
            -68.16527,-16.48604,0
            -68.16422,-16.48613,0
            -68.16416,-16.48613,0
            -68.16323,-16.48621,0
            -68.16299,-16.48626,0
            -68.16244,-16.48634,0
            -68.16189,-16.4864,0
            -68.16138,-16.48642,0
            -68.16091,-16.48635,0
            -68.16051,-16.4862,0
            -68.16048,-16.48617,0
            -68.16004,-16.48587,0
            -68.15978,-16.48558,0
            -68.15958,-16.48529,0
            -68.15957,-16.48528,0
            -68.15946,-16.48504,0
            -68.15938,-16.48469,0
            -68.15938,-16.48424,0
            -68.1594,-16.48388,0
            -68.15944,-16.48368,0
            -68.15957,-16.48342,0
            -68.15975,-16.48312,0
            -68.15992,-16.48278,0
            -68.15995,-16.48274,0
            -68.16011,-16.48246,0
            -68.16014,-16.48244,0
            -68.16028,-16.48226,0
            -68.16036,-16.48205,0
            -68.16036,-16.48196,0
            -68.16037,-16.48185,0
            -68.16036,-16.48178,0
            -68.16036,-16.4817,0
            -68.16023,-16.48126,0
            -68.16013,-16.48086,0
            -68.16008,-16.48039,0
            -68.16006,-16.47984,0
            -68.15993,-16.4786,0
            -68.15992,-16.47858,0
            -68.15984,-16.47801,0
            -68.15976,-16.47774,0
            -68.15969,-16.47734,0
            -68.15945,-16.4764,0
            -68.15941,-16.47628,0
            -68.15937,-16.47611,0
            -68.15932,-16.47582,0
            -68.1593,-16.47558,0
            -68.1593,-16.47539,0
            -68.15931,-16.47524,0
            -68.15936,-16.47505,0
            -68.15937,-16.47498,0
            -68.15942,-16.47481,0
            -68.15986,-16.47373,0
            -68.16,-16.47332,0
            -68.16002,-16.47319,0
            -68.16004,-16.47313,0
            -68.16012,-16.47268,0
            -68.16012,-16.47252,0
            -68.16009,-16.47234,0
            -68.16006,-16.47228,0
            -68.16002,-16.47216,0
            -68.16,-16.47213,0
            -68.15997,-16.47207,0
            -68.1599,-16.47197,0
            -68.15955,-16.4716,0
            -68.15953,-16.47157,0
            -68.15941,-16.47148,0
            -68.15933,-16.47144,0
            -68.15909,-16.47129,0
            -68.15844,-16.47096,0
            -68.15843,-16.47096,0
            -68.15742,-16.47047,0
            -68.15725,-16.4704,0
            -68.15712,-16.47033,0
            -68.15708,-16.47032,0
            -68.15692,-16.47023,0
            -68.1568,-16.47015,0
            -68.15677,-16.47012,0
            -68.15672,-16.47009,0
            -68.15649,-16.46988,0
            -68.15648,-16.46986,0
            -68.15641,-16.46978,0
            -68.15622,-16.46951,0
            -68.15618,-16.46943,0
            -68.15616,-16.4694,0
            -68.1561,-16.46927,0
            -68.15604,-16.4691,0
            -68.15602,-16.46906,0
            -68.156,-16.46894,0
            -68.15599,-16.46892,0
            -68.15596,-16.46877,0
            -68.15596,-16.46875,0
            -68.15588,-16.4684,0
            -68.15587,-16.46838,0
            -68.15579,-16.46805,0
            -68.15573,-16.46768,0
            -68.15563,-16.46726,0
            -68.15557,-16.4671,0
            -68.15538,-16.46674,0
            -68.15525,-16.46656,0
            -68.15494,-16.46619,0
            -68.15445,-16.46554,0
            -68.15422,-16.46513,0
            -68.15418,-16.465,0
            -68.15368,-16.46396,0
            -68.15361,-16.46385,0
            -68.15337,-16.46352,0
            -68.15315,-16.4633,0
            -68.15301,-16.46318,0
            -68.15281,-16.46304,0
            -68.1528,-16.46303,0
            -68.1517,-16.46253,0
            -68.15112,-16.46232,0
            -68.1509,-16.46221,0
            -68.15065,-16.46203,0
            -68.15065,-16.46202,0
            -68.15055,-16.46193,0
            -68.15011,-16.46144,0
            -68.14936,-16.46049,0
            -68.14915,-16.46028,0
            -68.14891,-16.46011,0
            -68.14872,-16.46001,0
            -68.14861,-16.45998,0
            -68.14861,-16.45997,0
            -68.14851,-16.45994,0
            -68.14843,-16.45993,0
            -68.14839,-16.45992,0
            -68.14825,-16.45991,0
            -68.14805,-16.45991,0
            -68.14797,-16.45992,0
            -68.14769,-16.46001,0
            -68.14768,-16.46002,0
            -68.14751,-16.46013,0
            -68.14742,-16.4602,0
            -68.1474,-16.46023,0
            -68.14736,-16.46027,0
            -68.1473,-16.46035,0
            -68.14729,-16.46037,0
            -68.14726,-16.46041,0
            -68.14719,-16.46053,0
            -68.14713,-16.46066,0
            -68.14707,-16.46085,0
            -68.14706,-16.46087,0
            -68.14703,-16.46104,0
            -68.14703,-16.46122,0
            -68.14705,-16.4614,0
            -68.1471,-16.46158,0
            -68.14718,-16.46174,0
            -68.14735,-16.46197,0
            -68.14755,-16.46214,0
            -68.1477,-16.46224,0
            -68.14771,-16.46225,0
            -68.14802,-16.46241,0
            -68.14803,-16.46242,0
            -68.1482,-16.46249,0
            -68.14832,-16.46255,0
            -68.14855,-16.46263,0
            -68.14855,-16.46264,0
            -68.14872,-16.4627,0
            -68.14874,-16.4627,0
            -68.1489,-16.46275,0
            -68.14908,-16.46279,0
            -68.14962,-16.46294,0
            -68.14999,-16.46302,0
            -68.15017,-16.46307,0
            -68.15058,-16.46316,0
            -68.15079,-16.46322,0
            -68.15099,-16.46329,0
            -68.15111,-16.46335,0
            -68.15155,-16.46363,0
            -68.15169,-16.46374,0
            -68.15183,-16.46388,0
            -68.15211,-16.46429,0
            -68.15286,-16.46598,0
            -68.15294,-16.46621,0
            -68.15296,-16.46632,0
            -68.15298,-16.46655,0
            -68.15298,-16.46673,0
            -68.15294,-16.46719,0
            -68.15259,-16.46957,0
            -68.15255,-16.46993,0
            -68.15253,-16.47002,0
            -68.15253,-16.4701,0
            -68.1525,-16.47041,0
            -68.15249,-16.47046,0
            -68.15248,-16.47064,0
            -68.15247,-16.47071,0
            -68.15245,-16.47175,0
            -68.15244,-16.47185,0
            -68.15247,-16.4724,0
            -68.15252,-16.47264,0
            -68.15298,-16.47432,0
            -68.15315,-16.47485,0
            -68.15321,-16.47508,0
            -68.15329,-16.47531,0
            -68.15333,-16.47555,0
            -68.15332,-16.4756,0
            -68.15331,-16.47584,0
            -68.15326,-16.47614,0
            -68.15312,-16.4764,0
            -68.15269,-16.47707,0
            -68.1526,-16.47719,0
            -68.15227,-16.47757,0
            -68.15217,-16.4777,0
            -68.1519,-16.47797,0
            -68.15189,-16.47799,0
            -68.15133,-16.47859,0
            -68.15056,-16.47947,0
            -68.15053,-16.47949,0
            -68.15039,-16.47964,0
            -68.15031,-16.4797,0
            -68.15029,-16.47972,0
            -68.15021,-16.47978,0
            -68.15014,-16.47982,0
            -68.1501,-16.47985,0
            -68.14998,-16.47992,0
            -68.14997,-16.47993,0
            -68.14927,-16.48033,0
            -68.14918,-16.48039,0
            -68.14898,-16.4805,0
            -68.14876,-16.48068,0
            -68.14868,-16.48076,0
            -68.14855,-16.48091,0
            -68.14841,-16.48114,0
            -68.14831,-16.48135,0
            -68.1482,-16.48165,0
            -68.148,-16.48212,0
            -68.14793,-16.48232,0
            -68.14776,-16.48268,0
            -68.14744,-16.4835,0
            -68.14738,-16.48368,0
            -68.14731,-16.48394,0
            -68.14722,-16.4842,0
            -68.14712,-16.48435,0
            -68.14703,-16.48451,0
            -68.14691,-16.48465,0
            -68.14668,-16.48488,0
            -68.14665,-16.4849,0
            -68.14654,-16.485,0
            -68.14651,-16.48502,0
            -68.14593,-16.48551,0
            -68.14573,-16.48571,0
            -68.14553,-16.48596,0
            -68.14546,-16.48607,0
            -68.14524,-16.48651,0
            -68.14512,-16.48678,0
            -68.145,-16.48711,0
            -68.14496,-16.48719,0
            -68.14483,-16.48752,0
            -68.14475,-16.48768,0
            -68.1447,-16.48776,0
            -68.14465,-16.48786,0
            -68.1445,-16.48806,0
            -68.14442,-16.48814,0
            -68.14393,-16.48872,0
            -68.14323,-16.48942,0
            -68.14323,-16.48943,0
            -68.14303,-16.48957,0
            -68.14271,-16.48974,0
            -68.14249,-16.48984,0
            -68.14216,-16.48997,0
            -68.142,-16.49005,0
            -68.14081,-16.49057,0
            -68.14068,-16.49061,0
            -68.14016,-16.49087,0
            -68.13919,-16.49128,0
            -68.13892,-16.49142,0
            -68.13888,-16.49145,0
            -68.13846,-16.49171,0
            -68.13792,-16.49212,0
            -68.13753,-16.49254,0
            -68.13745,-16.49269,0
            -68.13744,-16.4927,0
            -68.13735,-16.49283,0
            -68.13727,-16.49302,0
            -68.13725,-16.49314,0
            -68.13725,-16.49344,0
            -68.13723,-16.49353,0
            -68.13712,-16.49372,0
            -68.13706,-16.49387,0
            -68.13705,-16.49397,0
            -68.13703,-16.49406,0
            -68.13703,-16.49407,0
            -68.13699,-16.49418,0
            -68.13697,-16.49428,0
            -68.13692,-16.4944,0
            -68.1369,-16.4945,0
            -68.13696,-16.4946,0
            -68.13696,-16.4947,0
            -68.13697,-16.49479,0
            -68.13697,-16.49496,0
            -68.13695,-16.49503,0
            -68.1366,-16.49533,0
            -68.13607,-16.49566,0
            -68.13513,-16.49618,0
            -68.13482,-16.49638,0
            -68.13466,-16.49647,0
            -68.13456,-16.49654,0
            -68.13455,-16.49654,0
            -68.13314,-16.49737,0
            -68.13283,-16.49757,0
            -68.13268,-16.49768,0
            -68.13239,-16.49786,0
            -68.13238,-16.49787,0
            -68.13035,-16.49904,0
            -68.13012,-16.4992,0
            -68.12997,-16.49929,0
            -68.12979,-16.49937,0
            -68.12943,-16.49947,0
            -68.12931,-16.49948,0
            -68.12794,-16.49945,0
            -68.12785,-16.49942,0
            -68.12781,-16.49939,0
            -68.12774,-16.49932,0
            -68.12772,-16.49931,0
            -68.12719,-16.4994,0
            -68.12709,-16.4994,0
            -68.12691,-16.49942,0
            -68.12654,-16.49949,0
            -68.12629,-16.49951,0
            -68.12518,-16.4995,0
            -68.12511,-16.49949,0
            -68.1248,-16.49948,0
            -68.1247,-16.49943,0
            -68.12466,-16.49953,0
            -68.12466,-16.4996,0
            -68.12467,-16.49963,0
            -68.1247,-16.49967,0
            -68.1248,-16.49976,0
            -68.12546,-16.50005,0
            -68.12596,-16.50032,0
            -68.12657,-16.50061,0
            -68.12665,-16.50063,0
            -68.12667,-16.50064,0
            -68.12683,-16.50068,0
            -68.12691,-16.50069,0
            -68.12707,-16.50067,0
            -68.12715,-16.50065,0
            -68.1272,-16.50063,0
            -68.12754,-16.50053,0
            -68.12755,-16.50052,0
            -68.12829,-16.50022,0
            -68.1284,-16.5002,0
            -68.12843,-16.50019,0
            -68.1285,-16.50019,0
            -68.12861,-16.50018,0
            -68.12885,-16.5002,0
            -68.12926,-16.50027,0
            -68.12934,-16.5003,0
            -68.12926,-16.50027,0
            -68.12885,-16.5002,0
            -68.12861,-16.50018,0
            -68.12843,-16.50019,0
            -68.1284,-16.5002,0
            -68.12829,-16.50022,0
            -68.12755,-16.50052,0
            -68.12754,-16.50053,0
            -68.1272,-16.50063,0
            -68.12715,-16.50065,0
            -68.12707,-16.50067,0
            -68.12691,-16.50069,0
            -68.12683,-16.50068,0
            -68.12667,-16.50064,0
            -68.12665,-16.50063,0
            -68.12657,-16.50061,0
            -68.12596,-16.50032,0
            -68.12546,-16.50005,0
            -68.1248,-16.49976,0
            -68.12446,-16.49975,0
            -68.12436,-16.49976,0
            -68.12435,-16.49981,0
            -68.12433,-16.49983,0
            -68.12431,-16.49986,0
            -68.1243,-16.49987,0
            -68.12408,-16.49997,0
            -68.12386,-16.50012,0
            -68.12308,-16.50119,0
            -68.12288,-16.50156,0
            -68.12216,-16.50276,0
            -68.12099,-16.50268,0
            -68.12086,-16.50268,0
            -68.12093,-16.50107,0
            -68.12094,-16.50102,0
            -68.12095,-16.5006,0
            -68.12102,-16.49943,0
            -68.12013,-16.49937,0
            -68.11956,-16.49935,0
            -68.11927,-16.49987,0
            -68.11925,-16.49988,0
            -68.11924,-16.49989,0
            -68.1192,-16.4999,0
            -68.11839,-16.49986,0
            -68.11832,-16.49985,0
            -68.11836,-16.49872,0
            -68.11842,-16.49866,0
            -68.11842,-16.49865,0
            -68.11845,-16.49862,0
            -68.11926,-16.49741,0
            -68.11927,-16.49734,0
            -68.11954,-16.49687,0
            -68.12028,-16.49573,0
            -68.12046,-16.49548,0
            -68.12099,-16.49463,0
            -68.12105,-16.49457,0
            -68.12117,-16.49448,0
            -68.12117,-16.49445,0
            -68.12118,-16.49444,0
            -68.12118,-16.49442,0
            -68.12119,-16.49441,0
            -68.12119,-16.4944,0
            -68.12124,-16.49435,0
            -68.12126,-16.49434,0
            -68.12127,-16.49428,0
            -68.1217,-16.48508,0
            -68.12106,-16.48507,0
            -68.12111,-16.48384,0
            -68.12115,-16.48365,0
            -68.12117,-16.48359,0
            -68.1212,-16.48353,0
            -68.12128,-16.48344,0
            -68.12143,-16.48332,0
            -68.12147,-16.48331,0
            -68.12153,-16.48328,0
            -68.12166,-16.48324,0
            -68.12177,-16.48322,0
            -68.1218,-16.48314,0
            -68.12181,-16.48313,0
            -68.12181,-16.48311,0
            -68.12182,-16.48307,0
            -68.12189,-16.48221,0
            -68.12111,-16.47998,0
            -68.12105,-16.47985,0
            -68.12097,-16.47971,0
            -68.12124,-16.47964,0
            -68.12126,-16.47963,0
            -68.12131,-16.47962,0
            -68.12136,-16.47959,0
            -68.12142,-16.47954,0
            -68.12172,-16.47933,0
            -68.12183,-16.47924,0
            -68.1218,-16.47915,0
            -68.1218,-16.47912,0
            -68.12179,-16.47907,0
            -68.12196,-16.47773,0
            -68.12201,-16.47705,0
            -68.12279,-16.47762,0
            -68.12303,-16.47709,0
            -68.12303,-16.47708,0
            -68.12304,-16.47708,0
            -68.1231,-16.47703,0
            -68.12374,-16.47676,0
            -68.12415,-16.47654,0
            -68.12416,-16.47654,0
            -68.12432,-16.47644,0
            -68.12435,-16.47641,0
            -68.12443,-16.47635,0
            -68.12472,-16.47606,0
            -68.12499,-16.47574,0
            -68.12504,-16.47569,0
            -68.12507,-16.47568,0
            -68.12511,-16.47566,0
            -68.12524,-16.47566,0
            -68.1253,-16.47568,0
            -68.12535,-16.47571,0
            -68.12544,-16.4758,0
            -68.12549,-16.47587,0
            -68.12556,-16.47595,0
            -68.12558,-16.476,0
            -68.12558,-16.47613,0
            -68.12554,-16.47628,0
            -68.12543,-16.47652,0
            -68.12541,-16.47655,0
            -68.12538,-16.47662,0
            -68.12537,-16.47662,0
            -68.12535,-16.47667,0
            -68.12518,-16.47685,0
            -68.12506,-16.47701,0
            -68.12504,-16.47705,0
            -68.12502,-16.47712,0
            -68.125,-16.47727,0
            -68.125,-16.47734,0
            -68.12502,-16.47739,0
            -68.12504,-16.47741,0
            -68.12507,-16.47745,0
            -68.12509,-16.47746,0
            -68.12518,-16.47746,0
            -68.1255,-16.47728,0
            -68.12551,-16.47727,0
            -68.12554,-16.47726,0
            -68.12558,-16.47724,0
            -68.12564,-16.47724,0
            -68.12571,-16.47727,0
            -68.12574,-16.4773,0
            -68.12576,-16.47731,0
            -68.12578,-16.47736,0
            -68.12582,-16.4776,0
            -68.12585,-16.4777,0
            -68.12585,-16.47771,0
            -68.12594,-16.47794,0
            -68.12601,-16.47819,0
            -68.12601,-16.4783,0
            -68.12598,-16.47844,0
            -68.12595,-16.47853,0
            -68.12595,-16.47864,0
            -68.12597,-16.47871,0
            -68.12607,-16.4789,0
            -68.12639,-16.4794,0
            -68.12641,-16.47944,0
            -68.12646,-16.47951,0
            -68.12681,-16.48011,0
            -68.12695,-16.48017,0
            -68.12696,-16.48017,0
            -68.12702,-16.48019,0
            -68.12711,-16.48019,0
            -68.1272,-16.48016,0
            -68.12722,-16.48016,0
            -68.12756,-16.48002,0
            -68.12758,-16.48002,0
            -68.12778,-16.47991,0
            -68.1278,-16.47987,0
            -68.12781,-16.47986,0
            -68.12784,-16.47978,0
            -68.12784,-16.47974,0
            -68.12781,-16.47951,0
            -68.1278,-16.47947,0
            -68.1278,-16.47946,0
            -68.12779,-16.47944,0
            -68.12766,-16.47895,0
            -68.12764,-16.4789,0
          </coordinates>
        </LineString>
      </Placemark>
      <Placemark>
        <name>FRWQ+W35, El Alto, Bolivia</name>
        <styleUrl>#icon-1899-DB4436-nodesc</styleUrl>
        <Point>
          <coordinates>
            -68.1622942,-16.5024204,0
          </coordinates>
        </Point>
      </Placemark>
      <Placemark>
        <name>0000, La Paz, Bolivia</name>
        <styleUrl>#icon-1899-DB4436-nodesc</styleUrl>
        <Point>
          <coordinates>
            -68.1246719,-16.4996347,0
          </coordinates>
        </Point>
      </Placemark>
      <Placemark>
        <name>GVCC+CW7, La Paz, Bolivia</name>
        <styleUrl>#icon-1899-DB4436-nodesc</styleUrl>
        <Point>
          <coordinates>
            -68.1276412,-16.4789038,0
          </coordinates>
        </Point>
      </Placemark>
    </Folder>
    <Folder>
      <name>Minibus 308 - san pedro ida</name>
      <Placemark>
        <name>Minibus 308 - san pedro ida</name>
        <styleUrl>#line-1267FF-5000-nodesc</styleUrl>
        <LineString>
          <tessellate>1</tessellate>
          <coordinates>
            -68.13042,-16.4698,0
            -68.13036,-16.46985,0
            -68.12989,-16.47048,0
            -68.12983,-16.47054,0
            -68.1298,-16.47058,0
            -68.1296,-16.47078,0
            -68.12946,-16.47096,0
            -68.1293,-16.47113,0
            -68.12894,-16.47147,0
            -68.12886,-16.47148,0
            -68.12883,-16.47149,0
            -68.1288,-16.47149,0
            -68.12875,-16.47152,0
            -68.12833,-16.47186,0
            -68.12828,-16.47191,0
            -68.12828,-16.47192,0
            -68.12804,-16.47219,0
            -68.12754,-16.47244,0
            -68.12751,-16.47247,0
            -68.12749,-16.47248,0
            -68.12744,-16.47253,0
            -68.12737,-16.47262,0
            -68.1268,-16.47325,0
            -68.1268,-16.47326,0
            -68.12648,-16.47359,0
            -68.12638,-16.47366,0
            -68.12635,-16.47367,0
            -68.12634,-16.47368,0
            -68.1263,-16.4737,0
            -68.12628,-16.4737,0
            -68.12621,-16.47373,0
            -68.12606,-16.47376,0
            -68.12605,-16.47377,0
            -68.126,-16.47377,0
            -68.12599,-16.47378,0
            -68.12582,-16.47378,0
            -68.12534,-16.4737,0
            -68.12532,-16.47369,0
            -68.12527,-16.47368,0
            -68.12514,-16.47362,0
            -68.12513,-16.47362,0
            -68.12502,-16.47357,0
            -68.12497,-16.47353,0
            -68.12496,-16.47353,0
            -68.12491,-16.47349,0
            -68.12473,-16.47331,0
            -68.12473,-16.4733,0
            -68.12472,-16.47328,0
            -68.12471,-16.47328,0
            -68.1247,-16.47327,0
            -68.12469,-16.47324,0
            -68.12469,-16.47321,0
            -68.12468,-16.47319,0
            -68.12468,-16.4731,0
            -68.12469,-16.47309,0
            -68.12486,-16.47253,0
            -68.12486,-16.47248,0
            -68.12484,-16.47244,0
            -68.12477,-16.47239,0
            -68.12468,-16.47235,0
            -68.12446,-16.47229,0
            -68.12435,-16.47225,0
            -68.12429,-16.47222,0
            -68.12426,-16.47214,0
            -68.12412,-16.47156,0
            -68.12393,-16.47101,0
            -68.12388,-16.4709,0
            -68.12386,-16.47089,0
            -68.12384,-16.47087,0
            -68.1238,-16.47085,0
            -68.12379,-16.47085,0
            -68.12358,-16.47078,0
            -68.12334,-16.47068,0
            -68.12329,-16.47065,0
            -68.12328,-16.47063,0
            -68.12327,-16.47063,0
            -68.12324,-16.47057,0
            -68.12324,-16.47053,0
            -68.12333,-16.47011,0
            -68.12341,-16.46983,0
            -68.12341,-16.46982,0
            -68.1235,-16.46969,0
            -68.12352,-16.46965,0
            -68.12352,-16.46963,0
            -68.12353,-16.4696,0
            -68.12352,-16.46953,0
            -68.12353,-16.46949,0
            -68.12353,-16.46943,0
            -68.12367,-16.46891,0
            -68.12376,-16.46865,0
            -68.12381,-16.46855,0
            -68.12391,-16.4684,0
            -68.12399,-16.4683,0
            -68.12303,-16.46852,0
            -68.12251,-16.46872,0
            -68.12197,-16.46889,0
            -68.12183,-16.46895,0
            -68.12176,-16.46903,0
            -68.122,-16.46906,0
            -68.12213,-16.46909,0
            -68.12226,-16.46916,0
            -68.12234,-16.46922,0
            -68.12243,-16.46931,0
            -68.12246,-16.46937,0
            -68.1225,-16.46954,0
            -68.12249,-16.46977,0
            -68.12235,-16.47055,0
            -68.12235,-16.47076,0
            -68.12237,-16.47084,0
            -68.12245,-16.47103,0
            -68.12249,-16.47109,0
            -68.12269,-16.47128,0
            -68.12306,-16.47153,0
            -68.12312,-16.47162,0
            -68.12315,-16.47165,0
            -68.12319,-16.47172,0
            -68.12322,-16.47175,0
            -68.12324,-16.4718,0
            -68.1233,-16.47189,0
            -68.12352,-16.47233,0
            -68.12376,-16.47272,0
            -68.12381,-16.47282,0
            -68.12395,-16.47304,0
            -68.12405,-16.47333,0
            -68.12408,-16.47346,0
            -68.12412,-16.47357,0
            -68.12438,-16.47398,0
            -68.12444,-16.47405,0
            -68.12459,-16.47416,0
            -68.12482,-16.47429,0
            -68.12599,-16.47466,0
            -68.1264,-16.47472,0
            -68.12647,-16.47475,0
            -68.12652,-16.47478,0
            -68.12673,-16.47495,0
            -68.12679,-16.47504,0
            -68.12683,-16.47523,0
            -68.12682,-16.47555,0
            -68.12678,-16.4758,0
            -68.12677,-16.47581,0
            -68.12675,-16.47588,0
            -68.12662,-16.4761,0
            -68.12653,-16.47621,0
            -68.12639,-16.47642,0
            -68.12633,-16.47654,0
            -68.12633,-16.47656,0
            -68.12631,-16.47665,0
            -68.12629,-16.47681,0
            -68.12629,-16.47705,0
            -68.12635,-16.4774,0
            -68.12636,-16.47741,0
            -68.12641,-16.4775,0
            -68.12654,-16.4776,0
            -68.12681,-16.4777,0
            -68.12739,-16.47787,0
            -68.12756,-16.47795,0
            -68.12769,-16.47806,0
            -68.12799,-16.47838,0
            -68.12811,-16.4786,0
            -68.12822,-16.47892,0
            -68.12823,-16.4791,0
            -68.12828,-16.47935,0
            -68.12831,-16.47965,0
            -68.1283,-16.47983,0
            -68.12826,-16.48004,0
            -68.12819,-16.48023,0
            -68.12807,-16.48047,0
            -68.12804,-16.48063,0
            -68.12806,-16.48075,0
            -68.12818,-16.48111,0
            -68.12826,-16.4813,0
            -68.12827,-16.48134,0
            -68.12841,-16.48161,0
            -68.12863,-16.48195,0
            -68.1287,-16.48204,0
            -68.1288,-16.48214,0
            -68.12918,-16.48244,0
            -68.12924,-16.4825,0
            -68.12933,-16.48262,0
            -68.12937,-16.48266,0
            -68.1294,-16.48271,0
            -68.12941,-16.48272,0
            -68.12944,-16.48278,0
            -68.12946,-16.48286,0
            -68.12945,-16.48292,0
            -68.12924,-16.4835,0
            -68.12917,-16.4836,0
            -68.12911,-16.48366,0
            -68.12892,-16.48379,0
            -68.12873,-16.48397,0
            -68.12854,-16.48419,0
            -68.12847,-16.48436,0
            -68.12843,-16.48454,0
            -68.12843,-16.48486,0
            -68.12846,-16.48498,0
            -68.1285,-16.48509,0
            -68.12863,-16.4853,0
            -68.12875,-16.48539,0
            -68.1289,-16.48545,0
            -68.12945,-16.4856,0
            -68.12967,-16.48574,0
            -68.12973,-16.4858,0
            -68.12985,-16.48597,0
            -68.12995,-16.48618,0
            -68.13002,-16.48629,0
            -68.13014,-16.48641,0
            -68.13033,-16.48656,0
            -68.1306,-16.48673,0
            -68.13061,-16.48673,0
            -68.13083,-16.48688,0
            -68.13092,-16.48693,0
            -68.13096,-16.48696,0
            -68.13097,-16.48696,0
            -68.13108,-16.48701,0
            -68.13121,-16.48704,0
            -68.13208,-16.4871,0
            -68.13232,-16.48718,0
            -68.13259,-16.48715,0
            -68.13265,-16.48713,0
            -68.13269,-16.48711,0
            -68.13276,-16.48709,0
            -68.13284,-16.48705,0
            -68.13298,-16.48692,0
            -68.13301,-16.48688,0
            -68.1331,-16.48672,0
            -68.13331,-16.48609,0
            -68.13334,-16.48604,0
            -68.13343,-16.48595,0
            -68.13344,-16.48595,0
            -68.13351,-16.48589,0
            -68.13364,-16.4858,0
            -68.13372,-16.48577,0
            -68.13397,-16.48571,0
            -68.13406,-16.4857,0
            -68.1341,-16.48571,0
            -68.13427,-16.48571,0
            -68.13439,-16.48573,0
            -68.13453,-16.48577,0
            -68.13469,-16.48587,0
            -68.13485,-16.48607,0
            -68.13488,-16.48613,0
            -68.13492,-16.48625,0
            -68.13493,-16.48634,0
            -68.13493,-16.48669,0
            -68.13494,-16.48678,0
            -68.13497,-16.48691,0
            -68.13501,-16.48701,0
            -68.1351,-16.48717,0
            -68.13518,-16.48726,0
            -68.13524,-16.48731,0
            -68.1353,-16.48734,0
            -68.13544,-16.48738,0
            -68.13556,-16.48738,0
            -68.13568,-16.48736,0
            -68.13578,-16.48733,0
            -68.13592,-16.48726,0
            -68.13601,-16.48719,0
            -68.13607,-16.48712,0
            -68.13611,-16.48705,0
            -68.13612,-16.487,0
            -68.13612,-16.48692,0
            -68.13611,-16.48685,0
            -68.13608,-16.48674,0
            -68.13608,-16.48672,0
            -68.13607,-16.48668,0
            -68.13606,-16.48653,0
            -68.13608,-16.4864,0
            -68.13619,-16.48618,0
            -68.13624,-16.48612,0
            -68.13631,-16.48606,0
            -68.13641,-16.486,0
            -68.1365,-16.48596,0
            -68.1372,-16.48575,0
            -68.1373,-16.4857,0
            -68.13735,-16.48565,0
            -68.13741,-16.48557,0
            -68.13751,-16.4851,0
            -68.13762,-16.48489,0
            -68.13781,-16.48471,0
            -68.13809,-16.48451,0
            -68.1382,-16.48445,0
            -68.13821,-16.48445,0
            -68.13825,-16.48443,0
            -68.13831,-16.48442,0
            -68.13845,-16.48442,0
            -68.13855,-16.48446,0
            -68.13872,-16.48456,0
            -68.13902,-16.48477,0
            -68.13903,-16.48477,0
            -68.13909,-16.48482,0
            -68.13933,-16.48512,0
            -68.13947,-16.48527,0
            -68.13953,-16.48531,0
            -68.13953,-16.48532,0
            -68.13963,-16.48538,0
            -68.13969,-16.4854,0
            -68.13969,-16.48541,0
            -68.1397,-16.48541,0
            -68.13977,-16.48544,0
            -68.14018,-16.48554,0
            -68.14061,-16.4856,0
            -68.14075,-16.4856,0
            -68.14084,-16.48558,0
            -68.141,-16.4855,0
            -68.14112,-16.4854,0
            -68.14135,-16.48514,0
            -68.14136,-16.48514,0
            -68.14148,-16.485,0
            -68.14149,-16.48498,0
            -68.14185,-16.48463,0
            -68.14227,-16.48433,0
            -68.1425,-16.48422,0
            -68.1428,-16.48412,0
            -68.14313,-16.48405,0
            -68.14372,-16.48396,0
            -68.14389,-16.48395,0
            -68.1441,-16.48392,0
            -68.14429,-16.48387,0
            -68.14465,-16.48373,0
            -68.14481,-16.48365,0
            -68.14496,-16.48355,0
            -68.14545,-16.48315,0
            -68.14576,-16.48286,0
            -68.14578,-16.48286,0
            -68.14579,-16.48287,0
            -68.14579,-16.48289,0
            -68.1458,-16.48291,0
            -68.1458,-16.48294,0
            -68.14575,-16.48305,0
            -68.1457,-16.48312,0
            -68.14561,-16.48322,0
            -68.1456,-16.48324,0
            -68.14551,-16.48336,0
            -68.14549,-16.48343,0
            -68.14549,-16.48352,0
            -68.14552,-16.48381,0
            -68.14552,-16.48401,0
            -68.14549,-16.48407,0
            -68.1452,-16.48443,0
            -68.14467,-16.48501,0
            -68.14467,-16.48517,0
            -68.14464,-16.48561,0
            -68.14461,-16.48572,0
            -68.14459,-16.48576,0
            -68.1442,-16.48619,0
            -68.14414,-16.48624,0
            -68.14397,-16.48633,0
            -68.14388,-16.48636,0
            -68.14343,-16.48645,0
            -68.14339,-16.48833,0
            -68.14338,-16.4884,0
            -68.14428,-16.48849,0
            -68.14446,-16.4886,0
            -68.14453,-16.48869,0
            -68.14456,-16.48877,0
            -68.14453,-16.48895,0
            -68.14452,-16.48913,0
            -68.14449,-16.4893,0
            -68.14448,-16.4893,0
            -68.14444,-16.48952,0
            -68.1444,-16.48988,0
            -68.14429,-16.49037,0
            -68.14429,-16.4904,0
            -68.14428,-16.4904,0
            -68.14418,-16.49089,0
            -68.14395,-16.49159,0
            -68.14387,-16.49175,0
            -68.14376,-16.49217,0
            -68.14376,-16.49218,0
            -68.14378,-16.49226,0
            -68.14377,-16.49229,0
            -68.14377,-16.49232,0
            -68.14375,-16.49241,0
            -68.14373,-16.49244,0
            -68.14369,-16.49248,0
            -68.14367,-16.49248,0
            -68.14365,-16.49249,0
            -68.14365,-16.49251,0
            -68.14364,-16.49252,0
            -68.14364,-16.49254,0
            -68.14363,-16.49255,0
            -68.14354,-16.49258,0
            -68.1435,-16.49258,0
            -68.14349,-16.49257,0
            -68.14346,-16.49257,0
            -68.14345,-16.49256,0
            -68.14344,-16.49256,0
            -68.14343,-16.49255,0
            -68.14321,-16.49252,0
            -68.14318,-16.49253,0
            -68.1431,-16.49254,0
            -68.14289,-16.49259,0
            -68.14247,-16.49275,0
            -68.14179,-16.49296,0
            -68.14059,-16.49327,0
            -68.14071,-16.49372,0
            -68.14074,-16.49372,0
            -68.14075,-16.49371,0
            -68.14079,-16.49371,0
            -68.14081,-16.49372,0
            -68.14084,-16.49372,0
            -68.14085,-16.49373,0
            -68.14086,-16.49373,0
            -68.14087,-16.49374,0
            -68.14089,-16.49375,0
            -68.14092,-16.49378,0
            -68.14092,-16.49379,0
            -68.14094,-16.49381,0
            -68.14094,-16.49383,0
            -68.14095,-16.49384,0
            -68.14095,-16.49387,0
            -68.14096,-16.49388,0
            -68.14096,-16.49391,0
            -68.14095,-16.49392,0
            -68.14095,-16.49394,0
            -68.14094,-16.49396,0
            -68.14094,-16.49397,0
            -68.14091,-16.494,0
            -68.14091,-16.49401,0
            -68.14089,-16.49403,0
            -68.14087,-16.49403,0
            -68.14085,-16.49405,0
            -68.14084,-16.49405,0
            -68.14082,-16.49406,0
            -68.14072,-16.49406,0
            -68.14071,-16.49405,0
            -68.1407,-16.49405,0
            -68.14068,-16.49404,0
            -68.14003,-16.49565,0
            -68.13973,-16.49653,0
            -68.13929,-16.49813,0
            -68.13918,-16.49845,0
            -68.13891,-16.49944,0
            -68.1389,-16.49945,0
            -68.13887,-16.49956,0
            -68.13876,-16.49973,0
            -68.1384,-16.50022,0
            -68.13832,-16.50031,0
            -68.13809,-16.50048,0
            -68.13771,-16.5007,0
            -68.13731,-16.5009,0
            -68.13708,-16.50104,0
            -68.13708,-16.50106,0
            -68.13707,-16.50106,0
            -68.13707,-16.50108,0
            -68.13706,-16.50109,0
            -68.13706,-16.5011,0
            -68.13705,-16.5011,0
            -68.13705,-16.50111,0
            -68.13704,-16.50111,0
            -68.13704,-16.50112,0
            -68.13702,-16.50112,0
            -68.13701,-16.50113,0
            -68.13695,-16.50113,0
            -68.13694,-16.50112,0
            -68.13693,-16.50112,0
            -68.13692,-16.50111,0
            -68.13691,-16.50111,0
            -68.13691,-16.5011,0
            -68.1369,-16.50109,0
            -68.13687,-16.50116,0
            -68.13654,-16.50104,0
            -68.13635,-16.50104,0
            -68.13625,-16.50098,0
            -68.13618,-16.50092,0
            -68.13591,-16.50081,0
            -68.13539,-16.50068,0
            -68.13527,-16.50064,0
            -68.13523,-16.50062,0
            -68.1352,-16.50059,0
            -68.13505,-16.50072,0
            -68.13501,-16.50074,0
            -68.13456,-16.50106,0
            -68.1345,-16.50112,0
            -68.1345,-16.50113,0
            -68.13381,-16.5017,0
            -68.13302,-16.50245,0
            -68.1328,-16.50268,0
            -68.13129,-16.50409,0
            -68.13129,-16.5041,0
            -68.13132,-16.50417,0
            -68.13132,-16.50428,0
            -68.1313,-16.50433,0
            -68.13128,-16.50435,0
            -68.13126,-16.50436,0
            -68.13124,-16.50438,0
            -68.13122,-16.50439,0
            -68.1312,-16.50439,0
            -68.13118,-16.5044,0
            -68.13115,-16.5044,0
            -68.13108,-16.50437,0
            -68.12962,-16.50562,0
            -68.12949,-16.50575,0
            -68.12944,-16.50579,0
            -68.12909,-16.50614,0
            -68.12818,-16.50696,0
            -68.12772,-16.50734,0
            -68.12686,-16.50819,0
            -68.1259,-16.50933,0
            -68.1252,-16.51011,0
            -68.12519,-16.51013,0
            -68.12488,-16.51053,0
            -68.12428,-16.51111,0
            -68.12404,-16.51127,0
            -68.12387,-16.51144,0
            -68.1235,-16.51174,0
            -68.12257,-16.51261,0
            -68.12046,-16.51504,0
            -68.1204,-16.51508,0
            -68.12032,-16.51512,0
            -68.12031,-16.51513,0
            -68.11996,-16.51524,0
            -68.11984,-16.51526,0
            -68.11972,-16.51526,0
            -68.1196,-16.51523,0
            -68.11958,-16.5153,0
            -68.1195,-16.51548,0
            -68.11937,-16.5157,0
            -68.11931,-16.51577,0
            -68.11925,-16.51586,0
            -68.11903,-16.51613,0
            -68.11898,-16.51622,0
            -68.11885,-16.5164,0
            -68.11882,-16.51641,0
            -68.11876,-16.51641,0
            -68.1186,-16.51633,0
            -68.11856,-16.51629,0
            -68.11853,-16.51622,0
            -68.11864,-16.51588,0
            -68.11868,-16.51579,0
            -68.11875,-16.51552,0
            -68.11878,-16.51474,0
            -68.1188,-16.51464,0
            -68.1188,-16.51462,0
            -68.11883,-16.51449,0
            -68.11889,-16.51434,0
            -68.1189,-16.51429,0
            -68.11897,-16.51411,0
            -68.11919,-16.51365,0
            -68.11932,-16.51329,0
            -68.11935,-16.51318,0
            -68.11963,-16.5125,0
            -68.11961,-16.51244,0
            -68.11953,-16.51227,0
            -68.11951,-16.51227,0
            -68.11948,-16.51226,0
            -68.11946,-16.51226,0
            -68.11943,-16.51225,0
            -68.11941,-16.51223,0
            -68.11939,-16.51222,0
            -68.11935,-16.51218,0
            -68.11933,-16.51213,0
            -68.11933,-16.51209,0
            -68.11891,-16.51231,0
            -68.11884,-16.51238,0
            -68.11862,-16.51284,0
            -68.11852,-16.51297,0
            -68.11823,-16.51325,0
            -68.11809,-16.51334,0
            -68.11801,-16.51342,0
            -68.11768,-16.5139,0
            -68.11758,-16.51412,0
            -68.11753,-16.51433,0
            -68.11746,-16.51509,0
            -68.11737,-16.5154,0
            -68.11718,-16.5158,0
            -68.1168,-16.51643,0
            -68.11668,-16.51667,0
            -68.11665,-16.51675,0
            -68.11665,-16.51676,0
            -68.11662,-16.51686,0
            -68.11663,-16.51693,0
            -68.11663,-16.51715,0
            -68.11665,-16.51745,0
            -68.11656,-16.51806,0
            -68.11648,-16.51842,0
            -68.11643,-16.51882,0
            -68.11643,-16.51905,0
            -68.11626,-16.52042,0
            -68.11622,-16.52051,0
            -68.11617,-16.52057,0
            -68.11609,-16.52062,0
            -68.116,-16.52065,0
            -68.11593,-16.52066,0
            -68.11578,-16.52065,0
            -68.1157,-16.52063,0
            -68.11556,-16.52052,0
            -68.11548,-16.5204,0
            -68.11516,-16.52002,0
            -68.11513,-16.52,0
            -68.11506,-16.51991,0
            -68.115,-16.51987,0
            -68.11499,-16.51987,0
            -68.11498,-16.51986,0
            -68.11494,-16.51986,0
            -68.1149,-16.51985,0
            -68.11481,-16.51985,0
            -68.11476,-16.51988,0
            -68.11473,-16.51991,0
            -68.11468,-16.51999,0
            -68.11467,-16.52,0
            -68.11464,-16.52009,0
            -68.11491,-16.52092,0
            -68.11495,-16.52138,0
            -68.11495,-16.52192,0
            -68.11493,-16.52205,0
            -68.11483,-16.52228,0
            -68.11473,-16.52243,0
            -68.1145,-16.52268,0
            -68.11437,-16.52278,0
            -68.10689,-16.52685,0
            -68.10614,-16.5273,0
            -68.10241,-16.52936,0
            -68.10232,-16.5294,0
            -68.10182,-16.52968,0
            -68.10146,-16.52985,0
            -68.10143,-16.52992,0
            -68.10139,-16.52994,0
            -68.10135,-16.52997,0
            -68.10021,-16.53059,0
            -68.10002,-16.53071,0
            -68.0993,-16.53134,0
            -68.09887,-16.53185,0
            -68.09862,-16.5322,0
            -68.09855,-16.53228,0
            -68.09812,-16.53287,0
            -68.0964,-16.53506,0
            -68.09628,-16.53531,0
            -68.09406,-16.54084,0
            -68.09393,-16.5411,0
            -68.0938,-16.54129,0
            -68.09366,-16.54146,0
            -68.0936,-16.54152,0
            -68.09358,-16.54153,0
            -68.09351,-16.5416,0
            -68.09336,-16.54168,0
            -68.09325,-16.54171,0
            -68.09324,-16.54172,0
            -68.09309,-16.54173,0
            -68.09288,-16.5417,0
            -68.09154,-16.54132,0
            -68.09143,-16.54128,0
            -68.09044,-16.54102,0
            -68.0894,-16.54071,0
            -68.08874,-16.54055,0
            -68.08873,-16.54055,0
            -68.08856,-16.5405,0
            -68.08855,-16.5405,0
            -68.08738,-16.54017,0
            -68.08638,-16.53985,0
            -68.08636,-16.53985,0
            -68.08259,-16.5388,0
            -68.08235,-16.53878,0
            -68.08219,-16.53878,0
            -68.08107,-16.53886,0
            -68.07995,-16.53889,0
            -68.07883,-16.53898,0
            -68.07809,-16.53901,0
            -68.0779,-16.54006,0
            -68.07786,-16.54017,0
            -68.07683,-16.54497,0
            -68.07634,-16.54499,0
            -68.07385,-16.54519,0
            -68.0738,-16.5452,0
            -68.07262,-16.54529,0
            -68.07257,-16.5453,0
            -68.07048,-16.54546,0
            -68.07021,-16.54546,0
            -68.06976,-16.54539,0
            -68.06973,-16.54538,0
            -68.06972,-16.54538,0
            -68.06967,-16.54536,0
            -68.06906,-16.54524,0
            -68.06895,-16.54515,0
            -68.06888,-16.54507,0
            -68.06881,-16.54504,0
            -68.06769,-16.54475,0
            -68.06731,-16.54467,0
            -68.0672,-16.54467,0
            -68.06404,-16.54554,0
            -68.06396,-16.54557,0
            -68.06227,-16.54604,0
            -68.06196,-16.54608,0
            -68.06167,-16.54607,0
            -68.06065,-16.54596,0
            -68.06029,-16.54589,0
            -68.059,-16.54554,0
            -68.05897,-16.54554,0
            -68.0586,-16.54543,0
            -68.05852,-16.54543,0
            -68.05846,-16.54546,0
            -68.05825,-16.5456,0
            -68.05811,-16.54548,0
            -68.05798,-16.54535,0
            -68.05772,-16.54513,0
            -68.0575,-16.545,0
            -68.0569,-16.54478,0
            -68.05654,-16.54468,0
            -68.0563,-16.54463,0
            -68.05615,-16.54462,0
            -68.05566,-16.54468,0
            -68.05545,-16.54473,0
            -68.05543,-16.54474,0
            -68.05496,-16.54485,0
            -68.05479,-16.54485,0
            -68.05403,-16.54473,0
            -68.05385,-16.54466,0
            -68.05384,-16.54462,0
            -68.05383,-16.54461,0
            -68.0534,-16.5444,0
            -68.05313,-16.5442,0
            -68.05291,-16.54398,0
            -68.05284,-16.54394,0
            -68.05278,-16.54392,0
            -68.05271,-16.54391,0
            -68.05259,-16.54394,0
            -68.05241,-16.54406,0
            -68.05227,-16.54428,0
            -68.05227,-16.54429,0
            -68.05218,-16.54443,0
            -68.05216,-16.54445,0
            -68.05211,-16.54452,0
            -68.05206,-16.54457,0
            -68.05196,-16.54462,0
            -68.05185,-16.54466,0
            -68.05162,-16.5447,0
            -68.05108,-16.5447,0
            -68.0508,-16.54473,0
            -68.05057,-16.5448,0
            -68.04993,-16.54491,0
            -68.04944,-16.54495,0
            -68.04924,-16.54495,0
            -68.04871,-16.5448,0
            -68.04855,-16.54479,0
            -68.04841,-16.54483,0
            -68.04776,-16.54515,0
            -68.04674,-16.54578,0
            -68.04649,-16.54591,0
            -68.04643,-16.54593,0
            -68.04639,-16.54595,0
            -68.04458,-16.54635,0
            -68.04445,-16.5464,0
            -68.04444,-16.54641,0
            -68.04442,-16.54642,0
            -68.04442,-16.54643,0
            -68.04441,-16.54645,0
            -68.0444,-16.54646,0
            -68.0444,-16.54664,0
            -68.04439,-16.54665,0
            -68.04439,-16.54667,0
            -68.04436,-16.5467,0
            -68.04364,-16.54718,0
            -68.04363,-16.54719,0
            -68.04277,-16.54776,0
            -68.04276,-16.54779,0
            -68.04276,-16.54785,0
            -68.04281,-16.54803,0
            -68.04278,-16.54806,0
            -68.04275,-16.54808,0
            -68.04162,-16.54851,0
            -68.04158,-16.54836,0
            -68.0415,-16.54816,0
            -68.0415,-16.54814,0
            -68.04148,-16.54811,0
            -68.04147,-16.54808,0
            -68.04146,-16.54807,0
            -68.04146,-16.54805,0
            -68.04144,-16.54802,0
            -68.04142,-16.54796,0
            -68.04142,-16.54786,0
            -68.04143,-16.54783,0
            -68.0416,-16.5468,0
            -68.04044,-16.54675,0
            -68.03989,-16.54683,0
            -68.0399,-16.54671,0
            -68.03989,-16.54669,0
            -68.03986,-16.54666,0
            -68.03983,-16.54666,0
            -68.03953,-16.54661,0
            -68.03944,-16.54661,0
            -68.03943,-16.54662,0
            -68.03942,-16.54662,0
            -68.0394,-16.54663,0
            -68.03936,-16.54681,0
            -68.03936,-16.54691,0
            -68.03933,-16.54717,0
            -68.03931,-16.54778,0
            -68.03929,-16.54781,0
            -68.03929,-16.54782,0
            -68.03928,-16.54782,0
            -68.03927,-16.54783,0
            -68.03925,-16.54784,0
            -68.03923,-16.54784,0
            -68.03921,-16.54785,0
            -68.03893,-16.54785,0
            -68.03888,-16.54787,0
            -68.03884,-16.54787,0
            -68.03882,-16.54788,0
            -68.03878,-16.54788,0
            -68.03874,-16.54789,0
            -68.03868,-16.54789,0
            -68.03865,-16.54788,0
            -68.03863,-16.54788,0
            -68.03833,-16.54777,0
            -68.03818,-16.54769,0
            -68.03815,-16.54768,0
            -68.03813,-16.54768,0
            -68.03811,-16.54767,0
            -68.03808,-16.54767,0
            -68.03777,-16.54754,0
            -68.03774,-16.54754,0
            -68.03769,-16.54753,0
            -68.03766,-16.54753,0
            -68.0376,-16.54752,0
            -68.03749,-16.54752,0
            -68.03744,-16.54751,0
            -68.03736,-16.54751,0
            -68.03733,-16.5475,0
            -68.03727,-16.5475,0
            -68.03725,-16.54749,0
            -68.03723,-16.54749,0
            -68.03717,-16.54746,0
          </coordinates>
        </LineString>
      </Placemark>
      <Placemark>
        <name>GVHC+W2V, La Paz, Bolivia</name>
        <styleUrl>#icon-1899-DB4436-nodesc</styleUrl>
        <Point>
          <coordinates>
            -68.1304154,-16.4697955,0
          </coordinates>
        </Point>
      </Placemark>
      <Placemark>
        <name>FX37+65X, La Paz, Bolivia</name>
        <styleUrl>#icon-1899-DB4436-nodesc</styleUrl>
        <Point>
          <coordinates>
            -68.0371661,-16.5474605,0
          </coordinates>
        </Point>
      </Placemark>
    </Folder>
  </Document>
</kml>
